dataset,model,task_type,fold,train_time,predict_time,timestamp,accuracy,f1,auc,rmse,mae,r2
Iris,RandomForest,classification,0,0.11747319999267347,15.034800017019734,2026-03-09T08:48:50.174825,0.9666666666666667,0.9665831244778613,0.0,,,
Iris,RandomForest,classification,1,0.09967289998894557,14.040900015970692,2026-03-09T08:48:50.305664,0.9666666666666667,0.9665831244778613,0.0,,,
Iris,RandomForest,classification,2,0.09643140001571737,13.680899981409311,2026-03-09T08:48:50.430390,0.9333333333333333,0.9326599326599326,0.0,,,
Iris,RandomForest,classification,3,0.09785269998246804,13.469400000758469,2026-03-09T08:48:50.557063,0.9666666666666667,0.9665831244778613,0.0,,,
Iris,RandomForest,classification,4,0.10090610000770539,13.628399989102036,2026-03-09T08:48:50.687941,0.9,0.8997493734335839,0.0,,,
Iris,RandomForest,classification,5,0.10127130002365448,13.914100010879338,2026-03-09T08:48:50.819026,0.9666666666666667,0.9665831244778613,0.0,,,
Iris,RandomForest,classification,6,0.09727830000338145,13.889599998947233,2026-03-09T08:48:50.945840,0.9666666666666667,0.9665831244778613,0.0,,,
Iris,RandomForest,classification,7,0.10032719999435358,13.642000005347654,2026-03-09T08:48:51.074289,0.9,0.8997493734335839,0.0,,,
Iris,RandomForest,classification,8,0.09411139998701401,13.978000002680346,2026-03-09T08:48:51.198039,1.0,1.0,0.0,,,
Iris,RandomForest,classification,9,0.09493099999963306,13.956300012068823,2026-03-09T08:48:51.323466,0.9666666666666667,0.9665831244778613,0.0,,,
Iris,GradientBoosting,classification,0,0.15365289998590015,0.8452000038232654,2026-03-09T08:48:51.480659,1.0,1.0,0.0,,,
Iris,GradientBoosting,classification,1,0.14360690000467002,0.7199999818112701,2026-03-09T08:48:51.627744,0.9666666666666667,0.9665831244778613,0.0,,,
Iris,GradientBoosting,classification,2,0.13562470002216287,0.7394000131171197,2026-03-09T08:48:51.766586,0.9333333333333333,0.9326599326599326,0.0,,,
Iris,GradientBoosting,classification,3,0.14316569999209605,0.6995000003371388,2026-03-09T08:48:51.912597,0.9666666666666667,0.9665831244778613,0.0,,,
Iris,GradientBoosting,classification,4,0.13041550002526492,0.7121999806258827,2026-03-09T08:48:52.045588,0.9,0.8997493734335839,0.0,,,
Iris,GradientBoosting,classification,5,0.13133119998383336,0.7227000023704022,2026-03-09T08:48:52.179583,0.9333333333333333,0.9326599326599326,0.0,,,
Iris,GradientBoosting,classification,6,0.13730450000730343,0.6626999820582569,2026-03-09T08:48:52.320579,0.9666666666666667,0.9665831244778613,0.0,,,
Iris,GradientBoosting,classification,7,0.14084459998412058,0.7221999985631555,2026-03-09T08:48:52.463660,0.9,0.8997493734335839,0.0,,,
Iris,GradientBoosting,classification,8,0.1382203999964986,0.7067999977152795,2026-03-09T08:48:52.604633,0.9333333333333333,0.9326599326599326,0.0,,,
Iris,GradientBoosting,classification,9,0.13174319997779094,0.7068999984767288,2026-03-09T08:48:52.739861,0.9666666666666667,0.9665831244778613,0.0,,,
Iris,SVM,classification,0,0.003115100000286475,0.43139999615959823,2026-03-09T08:48:52.747787,1.0,1.0,0.0,,,
Iris,SVM,classification,1,0.0016357999993488193,0.32110000029206276,2026-03-09T08:48:52.750860,0.9666666666666667,0.9665831244778613,0.0,,,
Iris,SVM,classification,2,0.0015319999947678298,0.21379999816417694,2026-03-09T08:48:52.754872,0.9,0.8997493734335839,0.0,,,
Iris,SVM,classification,3,0.0014832000015303493,0.20140002015978098,2026-03-09T08:48:52.757865,1.0,1.0,0.0,,,
Iris,SVM,classification,4,0.0014684000052511692,0.19550000433810055,2026-03-09T08:48:52.760865,0.9333333333333333,0.9333333333333333,0.0,,,
Iris,SVM,classification,5,0.0015446000033989549,0.23170001804828644,2026-03-09T08:48:52.764784,0.9666666666666667,0.9665831244778613,0.0,,,
Iris,SVM,classification,6,0.0015845999878365546,0.23360000341199338,2026-03-09T08:48:52.768864,0.9666666666666667,0.9665831244778613,0.0,,,
Iris,SVM,classification,7,0.0016278999974019825,0.22310001077130437,2026-03-09T08:48:52.772783,0.9,0.8997493734335839,0.0,,,
Iris,SVM,classification,8,0.0021126999927219003,0.2379999787081033,2026-03-09T08:48:52.776862,1.0,1.0,0.0,,,
Iris,SVM,classification,9,0.0016429999959655106,0.23939998936839402,2026-03-09T08:48:52.780910,1.0,1.0,0.0,,,
Iris,KNN,classification,0,0.002770899998722598,15.789600001880899,2026-03-09T08:48:52.817036,1.0,1.0,0.0,,,
Iris,KNN,classification,1,0.0004293000092729926,14.468899986241013,2026-03-09T08:48:52.847842,0.9666666666666667,0.9665831244778613,0.0,,,
Iris,KNN,classification,2,0.0004265999887138605,14.071400015382096,2026-03-09T08:48:52.878129,0.9333333333333333,0.9333333333333333,0.0,,,
Iris,KNN,classification,3,0.00039229998947121203,13.836400001309812,2026-03-09T08:48:52.907792,1.0,1.0,0.0,,,
Iris,KNN,classification,4,0.0005259000172372907,14.081900008022785,2026-03-09T08:48:52.937100,0.9666666666666667,0.9665831244778613,0.0,,,
Iris,KNN,classification,5,0.00040630000876262784,14.436299999943003,2026-03-09T08:48:52.967415,0.9333333333333333,0.9326599326599326,0.0,,,
Iris,KNN,classification,6,0.00038029998540878296,14.067200012505054,2026-03-09T08:48:52.998351,0.9333333333333333,0.9326599326599326,0.0,,,
Iris,KNN,classification,7,0.00038170002517290413,14.208200009306893,2026-03-09T08:48:53.027223,0.9333333333333333,0.9326599326599326,0.0,,,
Iris,KNN,classification,8,0.00037590001011267304,13.99219999439083,2026-03-09T08:48:53.057477,1.0,1.0,0.0,,,
Iris,KNN,classification,9,0.00044850000995211303,13.869799993699417,2026-03-09T08:48:53.086896,1.0,1.0,0.0,,,
Iris,MLP,classification,0,0.16105239998432808,0.2511999919079244,2026-03-09T08:48:53.251418,1.0,1.0,0.0,,,
Iris,MLP,classification,1,0.15468649999820627,0.22499999613501132,2026-03-09T08:48:53.408439,0.9666666666666667,0.9665831244778613,0.0,,,
Iris,MLP,classification,2,0.14519879998988472,0.2410000015515834,2026-03-09T08:48:53.555854,0.8666666666666667,0.8681704260651628,0.0,,,
Iris,MLP,classification,3,0.13938920001965016,0.22460002219304442,2026-03-09T08:48:53.696851,1.0,1.0,0.0,,,
Iris,MLP,classification,4,0.1705954999779351,0.24049999774433672,2026-03-09T08:48:53.869973,0.9,0.8997493734335839,0.0,,,
Iris,MLP,classification,5,0.15879660000791773,0.23899998632259667,2026-03-09T08:48:54.031345,0.9333333333333333,0.9326599326599326,0.0,,,
Iris,MLP,classification,6,0.158158900012495,0.24289998691529036,2026-03-09T08:48:54.191367,0.9666666666666667,0.9665831244778613,0.0,,,
Iris,MLP,classification,7,0.1634804999921471,0.228899996727705,2026-03-09T08:48:54.356367,0.8666666666666667,0.869218500797448,0.0,,,
Iris,MLP,classification,8,0.1364101000071969,0.24190000840462744,2026-03-09T08:48:54.495644,1.0,1.0,0.0,,,
Iris,MLP,classification,9,0.15344419999746606,0.2373000024817884,2026-03-09T08:48:54.650644,0.9666666666666667,0.9665831244778613,0.0,,,
Iris,XGBoost,classification,0,1.065227400016738,1.3658999814651906,2026-03-09T08:48:55.721444,0.9666666666666667,0.9665831244778613,0.0,,,
Iris,XGBoost,classification,1,0.02583790000062436,0.6630999851040542,2026-03-09T08:48:55.751638,0.9666666666666667,0.9665831244778613,0.0,,,
Iris,XGBoost,classification,2,0.02596060000360012,0.6729000015184283,2026-03-09T08:48:55.780638,0.9,0.8950004244121891,0.0,,,
Iris,XGBoost,classification,3,0.024731300014536828,0.6018999847583473,2026-03-09T08:48:55.808639,1.0,1.0,0.0,,,
Iris,XGBoost,classification,4,0.021754100016551092,0.5332999862730503,2026-03-09T08:48:55.833640,0.9,0.8997493734335839,0.0,,,
Iris,XGBoost,classification,5,0.022540100006153807,0.614999997196719,2026-03-09T08:48:55.859639,0.9,0.8950004244121891,0.0,,,
Iris,XGBoost,classification,6,0.024968999990960583,0.658300006762147,2026-03-09T08:48:55.887639,0.9666666666666667,0.9665831244778613,0.0,,,
Iris,XGBoost,classification,7,0.022318500006804243,0.6021000153850764,2026-03-09T08:48:55.913642,0.9,0.8997493734335839,0.0,,,
Iris,XGBoost,classification,8,0.023393499985104427,0.6606999959331006,2026-03-09T08:48:55.940639,0.9666666666666667,0.9665831244778613,0.0,,,
Iris,XGBoost,classification,9,0.024921599979279563,0.7586000137962401,2026-03-09T08:48:55.969639,0.9666666666666667,0.9665831244778613,0.0,,,
Iris,LightGBM,classification,0,0.13504309998825192,1.1135000095237046,2026-03-09T08:48:56.109561,0.9666666666666667,0.9665831244778613,0.0,,,
Iris,LightGBM,classification,1,0.012484200007747859,0.8062999986577779,2026-03-09T08:48:56.125578,1.0,1.0,0.0,,,
Iris,LightGBM,classification,2,0.013531300006434321,0.7832999981474131,2026-03-09T08:48:56.141562,0.9,0.89769820971867,0.0,,,
Iris,LightGBM,classification,3,0.013104500016197562,0.9910999797284603,2026-03-09T08:48:56.158578,0.9666666666666667,0.9665831244778613,0.0,,,
Iris,LightGBM,classification,4,0.015214799990644678,1.0255000088363886,2026-03-09T08:48:56.177578,0.9,0.8997493734335839,0.0,,,
Iris,LightGBM,classification,5,0.016470300004584715,1.2252000160515308,2026-03-09T08:48:56.198565,0.9333333333333333,0.9326599326599326,0.0,,,
Iris,LightGBM,classification,6,0.016730800009099767,1.406499999575317,2026-03-09T08:48:56.220562,0.9666666666666667,0.9665831244778613,0.0,,,
Iris,LightGBM,classification,7,0.017511500016553327,1.607199985301122,2026-03-09T08:48:56.243152,0.9,0.8997493734335839,0.0,,,
Iris,LightGBM,classification,8,0.012730099988402799,0.753700005589053,2026-03-09T08:48:56.258151,0.9333333333333333,0.9326599326599326,0.0,,,
Iris,LightGBM,classification,9,0.012992899981327355,0.7929000130388886,2026-03-09T08:48:56.274150,0.9,0.8997493734335839,0.0,,,
Iris,CatBoost,classification,0,0.30824169999687,1.8573000270407647,2026-03-09T08:48:56.588057,1.0,1.0,0.0,,,
Iris,CatBoost,classification,1,0.08776240001316182,0.6158000032883137,2026-03-09T08:48:56.679499,0.9666666666666667,0.9665831244778613,0.0,,,
Iris,CatBoost,classification,2,0.08601210001506843,0.6269000004976988,2026-03-09T08:48:56.769021,0.9333333333333333,0.9326599326599326,0.0,,,
Iris,CatBoost,classification,3,0.08777290000580251,0.6132999842520803,2026-03-09T08:48:56.859341,0.9666666666666667,0.9665831244778613,0.0,,,
Iris,CatBoost,classification,4,0.08618270000442863,0.6587999814655632,2026-03-09T08:48:56.949510,0.9,0.8997493734335839,0.0,,,
Iris,CatBoost,classification,5,0.08643039999878965,0.6339999963529408,2026-03-09T08:48:57.038513,0.9666666666666667,0.9665831244778613,0.0,,,
Iris,CatBoost,classification,6,0.08833310002228245,0.6394999800249934,2026-03-09T08:48:57.130245,0.9666666666666667,0.9665831244778613,0.0,,,
Iris,CatBoost,classification,7,0.091903699998511,0.6232000014279038,2026-03-09T08:48:57.225811,0.9,0.8997493734335839,0.0,,,
Iris,CatBoost,classification,8,0.0862384999927599,0.6388000037986785,2026-03-09T08:48:57.315810,0.9666666666666667,0.9665831244778613,0.0,,,
Iris,CatBoost,classification,9,0.09567320000496693,0.7493000011891127,2026-03-09T08:48:57.415101,0.9666666666666667,0.9665831244778613,0.0,,,
Wine,RandomForest,classification,0,0.11566589999711141,15.023599989945069,2026-03-09T08:49:00.814283,0.9722222222222222,0.9723691945914168,0.0,,,
Wine,RandomForest,classification,1,0.10854260000633076,13.937699986854568,2026-03-09T08:49:00.952031,1.0,1.0,0.0,,,
Wine,RandomForest,classification,2,0.10048560000723228,13.908599998103455,2026-03-09T08:49:01.081809,0.9722222222222222,0.9723691945914168,0.0,,,
Wine,RandomForest,classification,3,0.09737069997936487,13.70480001787655,2026-03-09T08:49:01.208216,0.9428571428571428,0.9428571428571428,0.0,,,
Wine,RandomForest,classification,4,0.10117319997516461,14.251400018110871,2026-03-09T08:49:01.339859,1.0,1.0,0.0,,,
Wine,RandomForest,classification,5,0.09975870000198483,13.993000000482425,2026-03-09T08:49:01.469134,1.0,1.0,0.0,,,
Wine,RandomForest,classification,6,0.09847840000293218,14.032100007170811,2026-03-09T08:49:01.597050,1.0,1.0,0.0,,,
Wine,RandomForest,classification,7,0.10824579998734407,15.097099996637553,2026-03-09T08:49:01.750489,1.0,1.0,0.0,,,
Wine,RandomForest,classification,8,0.1032662000216078,13.82919997558929,2026-03-09T08:49:01.884010,0.9428571428571428,0.9419826489300174,0.0,,,
Wine,RandomForest,classification,9,0.10946390000754036,14.11089999601245,2026-03-09T08:49:02.024939,0.9714285714285714,0.9716878402903812,0.0,,,
Wine,GradientBoosting,classification,0,0.3257105999800842,0.8690000104252249,2026-03-09T08:49:02.355177,0.8888888888888888,0.8869434269434271,0.0,,,
Wine,GradientBoosting,classification,1,0.25368200000957586,0.8132999937515706,2026-03-09T08:49:02.612029,0.8888888888888888,0.8851094814583659,0.0,,,
Wine,GradientBoosting,classification,2,0.2975674000044819,0.8415999764110893,2026-03-09T08:49:02.913021,0.8888888888888888,0.89006734006734,0.0,,,
Wine,GradientBoosting,classification,3,0.2781719000195153,0.7994000043254346,2026-03-09T08:49:03.194031,0.9428571428571428,0.9421645021645022,0.0,,,
Wine,GradientBoosting,classification,4,0.31709170000976883,0.8464999846182764,2026-03-09T08:49:03.514178,0.9714285714285714,0.9710490647872051,0.0,,,
Wine,GradientBoosting,classification,5,0.2750804999959655,0.8458000083919615,2026-03-09T08:49:03.793145,0.9444444444444444,0.9437710437710438,0.0,,,
Wine,GradientBoosting,classification,6,0.29535539998323657,0.8577000116929412,2026-03-09T08:49:04.092143,0.8611111111111112,0.862933527262653,0.0,,,
Wine,GradientBoosting,classification,7,0.3036163999931887,0.8267999801319093,2026-03-09T08:49:04.399071,0.9166666666666666,0.9162918540729635,0.0,,,
Wine,GradientBoosting,classification,8,0.269273100013379,0.811200006864965,2026-03-09T08:49:04.671409,0.9428571428571428,0.9435164835164834,0.0,,,
Wine,GradientBoosting,classification,9,0.2953115999989677,0.8379000064451247,2026-03-09T08:49:04.969394,0.9714285714285714,0.9712091288128154,0.0,,,
Wine,SVM,classification,0,0.0024978999863378704,0.28279999969527125,2026-03-09T08:49:04.976483,0.9444444444444444,0.9445019553715207,0.0,,,
Wine,SVM,classification,1,0.002573300007497892,0.26110000908374786,2026-03-09T08:49:04.980412,1.0,1.0,0.0,,,
Wine,SVM,classification,2,0.0024831000191625208,0.29109997558407485,2026-03-09T08:49:04.985494,0.9722222222222222,0.9719701552732407,0.0,,,
Wine,SVM,classification,3,0.002639599988469854,0.2856000210158527,2026-03-09T08:49:04.990472,1.0,1.0,0.0,,,
Wine,SVM,classification,4,0.002899700019042939,0.28539999038912356,2026-03-09T08:49:04.995473,1.0,1.0,0.0,,,
Wine,SVM,classification,5,0.002685399987967685,0.287900009425357,2026-03-09T08:49:05.000393,1.0,1.0,0.0,,,
Wine,SVM,classification,6,0.003686799987917766,0.5284000071696937,2026-03-09T08:49:05.007515,0.9722222222222222,0.9719701552732407,0.0,,,
Wine,SVM,classification,7,0.0029052000027149916,0.3077999863307923,2026-03-09T08:49:05.012537,0.9722222222222222,0.972097284690988,0.0,,,
Wine,SVM,classification,8,0.0028636000060942024,0.34550001146271825,2026-03-09T08:49:05.017515,1.0,1.0,0.0,,,
Wine,SVM,classification,9,0.0027054999954998493,0.29990001348778605,2026-03-09T08:49:05.022515,0.9714285714285714,0.9716878402903812,0.0,,,
Wine,KNN,classification,0,0.00043710001045838,15.317399986088276,2026-03-09T08:49:05.055883,0.9722222222222222,0.9723691945914168,0.0,,,
Wine,KNN,classification,1,0.0004412999842315912,14.949000003980473,2026-03-09T08:49:05.087511,0.9722222222222222,0.9722633744855966,0.0,,,
Wine,KNN,classification,2,0.0004358000005595386,14.151500014122576,2026-03-09T08:49:05.117019,1.0,1.0,0.0,,,
Wine,KNN,classification,3,0.0004354999982751906,14.1079000022728,2026-03-09T08:49:05.146817,0.9428571428571428,0.9419826489300174,0.0,,,
Wine,KNN,classification,4,0.0004873999860137701,14.261200005421415,2026-03-09T08:49:05.178076,0.9714285714285714,0.9716878402903812,0.0,,,
Wine,KNN,classification,5,0.0004340999876148999,14.191599999321625,2026-03-09T08:49:05.209072,1.0,1.0,0.0,,,
Wine,KNN,classification,6,0.0004364000051282346,14.733899995917454,2026-03-09T08:49:05.238654,1.0,1.0,0.0,,,
Wine,KNN,classification,7,0.00043719998211599886,14.036900014616549,2026-03-09T08:49:05.268568,1.0,1.0,0.0,,,
Wine,KNN,classification,8,0.0004380999889690429,14.410700008738786,2026-03-09T08:49:05.299732,0.9142857142857143,0.9125714285714285,0.0,,,
Wine,KNN,classification,9,0.0004288000054657459,14.130600000498816,2026-03-09T08:49:05.330367,0.8857142857142857,0.8828178137651822,0.0,,,
Wine,MLP,classification,0,0.09731230000033975,0.2516999957151711,2026-03-09T08:49:05.430618,0.9722222222222222,0.9723691945914168,0.0,,,
Wine,MLP,classification,1,0.10032899997895584,0.24280001525767148,2026-03-09T08:49:05.533091,1.0,1.0,0.0,,,
Wine,MLP,classification,2,0.09732649999205023,0.24200000916607678,2026-03-09T08:49:05.632091,0.9722222222222222,0.9719701552732407,0.0,,,
Wine,MLP,classification,3,0.09857579998788424,0.2702999918255955,2026-03-09T08:49:05.733168,1.0,1.0,0.0,,,
Wine,MLP,classification,4,0.10250090001500212,0.24819999816827476,2026-03-09T08:49:05.838219,1.0,1.0,0.0,,,
Wine,MLP,classification,5,0.10266839998075739,0.24510000366717577,2026-03-09T08:49:05.943219,1.0,1.0,0.0,,,
Wine,MLP,classification,6,0.098425700009102,0.24129997473210096,2026-03-09T08:49:06.043295,1.0,1.0,0.0,,,
Wine,MLP,classification,7,0.10026859998470172,0.2460000105202198,2026-03-09T08:49:06.146217,1.0,1.0,0.0,,,
Wine,MLP,classification,8,0.10364190000109375,0.2392000169493258,2026-03-09T08:49:06.251660,0.9714285714285714,0.971651350598719,0.0,,,
Wine,MLP,classification,9,0.09266220001154579,0.22719998378306627,2026-03-09T08:49:06.346555,0.9714285714285714,0.9715570786035554,0.0,,,
Wine,XGBoost,classification,0,0.04754140001023188,0.8309000113513321,2026-03-09T08:49:06.400005,0.9722222222222222,0.9723691945914168,0.0,,,
Wine,XGBoost,classification,1,0.037246699997922406,0.7955000037327409,2026-03-09T08:49:06.441007,0.9444444444444444,0.944269005847953,0.0,,,
Wine,XGBoost,classification,2,0.029546399979153648,0.7068999984767288,2026-03-09T08:49:06.474007,0.9722222222222222,0.9723691945914168,0.0,,,
Wine,XGBoost,classification,3,0.02819959999760613,0.7029999978840351,2026-03-09T08:49:06.506007,0.9142857142857143,0.9131742399476952,0.0,,,
Wine,XGBoost,classification,4,0.030866000015521422,0.7200999825727195,2026-03-09T08:49:06.541007,1.0,1.0,0.0,,,
Wine,XGBoost,classification,5,0.02955370000563562,0.6588999822270125,2026-03-09T08:49:06.574007,0.9444444444444444,0.9449614374099499,0.0,,,
Wine,XGBoost,classification,6,0.04965460000676103,0.8033000049181283,2026-03-09T08:49:06.627007,0.9722222222222222,0.9722797331492985,0.0,,,
Wine,XGBoost,classification,7,0.03204819999518804,0.7121000089682639,2026-03-09T08:49:06.663005,1.0,1.0,0.0,,,
Wine,XGBoost,classification,8,0.029697799996938556,0.7464999798685312,2026-03-09T08:49:06.697005,0.9428571428571428,0.9419826489300174,0.0,,,
Wine,XGBoost,classification,9,0.03035069999168627,0.674999988405034,2026-03-09T08:49:06.731005,0.9714285714285714,0.9716878402903812,0.0,,,
Wine,LightGBM,classification,0,0.024540199985494837,1.5286999987438321,2026-03-09T08:49:06.762008,0.9722222222222222,0.9723691945914168,0.0,,,
Wine,LightGBM,classification,1,0.01890510000521317,1.5415999805554748,2026-03-09T08:49:06.786006,1.0,1.0,0.0,,,
Wine,LightGBM,classification,2,0.022445600014179945,1.5603999781887978,2026-03-09T08:49:06.813004,0.9722222222222222,0.9723691945914168,0.0,,,
Wine,LightGBM,classification,3,0.02117200000793673,1.1489999887999147,2026-03-09T08:49:06.838378,0.9142857142857143,0.9139001927607625,0.0,,,
Wine,LightGBM,classification,4,0.017631700000492856,0.9187000105157495,2026-03-09T08:49:06.859380,1.0,1.0,0.0,,,
Wine,LightGBM,classification,5,0.018428799987304956,1.1246000067330897,2026-03-09T08:49:06.881381,1.0,1.0,0.0,,,
Wine,LightGBM,classification,6,0.02028779999818653,0.9477999992668629,2026-03-09T08:49:06.905381,0.9444444444444444,0.9444444444444444,0.0,,,
Wine,LightGBM,classification,7,0.020473400014452636,1.1215000122319907,2026-03-09T08:49:06.930380,1.0,1.0,0.0,,,
Wine,LightGBM,classification,8,0.02167139999801293,1.4035000058356673,2026-03-09T08:49:06.956378,0.9428571428571428,0.9419826489300174,0.0,,,
Wine,LightGBM,classification,9,0.020373200008179992,0.9765999857336283,2026-03-09T08:49:06.980378,0.9714285714285714,0.9716878402903812,0.0,,,
Wine,CatBoost,classification,0,0.27259189999313094,1.0856000008061528,2026-03-09T08:49:07.258559,0.9722222222222222,0.9723691945914168,0.0,,,
Wine,CatBoost,classification,1,0.24581780002336018,0.7849000103306025,2026-03-09T08:49:07.507487,1.0,1.0,0.0,,,
Wine,CatBoost,classification,2,0.3032853000040632,0.7805000059306622,2026-03-09T08:49:07.814553,0.9722222222222222,0.9723691945914168,0.0,,,
Wine,CatBoost,classification,3,0.2610256999905687,0.8617000130470842,2026-03-09T08:49:08.080070,0.9428571428571428,0.9419826489300174,0.0,,,
Wine,CatBoost,classification,4,0.26478349999524653,0.7380999741144478,2026-03-09T08:49:08.347750,1.0,1.0,0.0,,,
Wine,CatBoost,classification,5,0.25292200001422316,0.7468999829143286,2026-03-09T08:49:08.604783,1.0,1.0,0.0,,,
Wine,CatBoost,classification,6,0.24961600001552142,0.7318999851122499,2026-03-09T08:49:08.857794,1.0,1.0,0.0,,,
Wine,CatBoost,classification,7,0.248292100004619,0.7268000044859946,2026-03-09T08:49:09.110460,1.0,1.0,0.0,,,
Wine,CatBoost,classification,8,0.24796710000373423,0.7882000063546002,2026-03-09T08:49:09.362295,0.9142857142857143,0.9125714285714285,0.0,,,
Wine,CatBoost,classification,9,0.2599024999944959,0.7455000013578683,2026-03-09T08:49:09.624916,0.9714285714285714,0.9716878402903812,0.0,,,
Wine,TRA_Hard,classification,0,0.5130702000169549,69.64219998917542,2026-03-09T08:49:10.232274,0.8611111111111112,0.8531154684095861,0.0,,,
Wine,TRA_Hard,classification,1,0.5108903999789618,26.029600005131215,2026-03-09T08:49:10.793623,0.4166666666666667,0.3851241351241351,0.0,,,
Wine,TRA_Hard,classification,2,0.5222209999919869,28.9413999998942,2026-03-09T08:49:11.371385,0.6388888888888888,0.5804713804713805,0.0,,,
Wine,TRA_Hard,classification,3,0.5119261000072584,27.866500022355467,2026-03-09T08:49:11.935787,0.5714285714285714,0.48827444956477206,0.0,,,
Wine,TRA_Hard,classification,4,0.4582245000055991,27.6912999979686,2026-03-09T08:49:12.446240,0.8571428571428571,0.8555372301722047,0.0,,,
Wine,TRA_Hard,classification,5,0.46699200000148267,27.4527000146918,2026-03-09T08:49:12.964688,0.3888888888888889,0.31681681681681684,0.0,,,
Wine,TRA_Hard,classification,6,0.4625856000056956,27.866999997058883,2026-03-09T08:49:13.480135,0.4166666666666667,0.3315797863860992,0.0,,,
Wine,TRA_Hard,classification,7,0.5067010000057053,22.74720001150854,2026-03-09T08:49:14.034112,0.0,0.0,0.0,,,
Wine,TRA_Hard,classification,8,0.5038950000016484,22.026199992978945,2026-03-09T08:49:14.588471,0.2571428571428571,0.1051948051948052,0.0,,,
Wine,TRA_Hard,classification,9,0.49191150002297945,80.62470000004396,2026-03-09T08:49:15.189026,0.7714285714285715,0.7612244897959184,0.0,,,
Wine,TRA_Soft,classification,0,0.5166852000111248,78.48599998396821,2026-03-09T08:49:15.818590,0.9722222222222222,0.9723691945914168,0.0,,,
Wine,TRA_Soft,classification,1,0.5026860000216402,36.49439997388981,2026-03-09T08:49:16.390285,0.9444444444444444,0.9445019553715207,0.0,,,
Wine,TRA_Soft,classification,2,0.5002707999956328,36.99279998545535,2026-03-09T08:49:16.962951,0.9444444444444444,0.9448329448329448,0.0,,,
Wine,TRA_Soft,classification,3,0.4655390999978408,36.011199990753084,2026-03-09T08:49:17.499856,0.9142857142857143,0.9149232106635758,0.0,,,
Wine,TRA_Soft,classification,4,0.45268779998878017,36.591699987184256,2026-03-09T08:49:18.022236,0.8571428571428571,0.8555372301722047,0.0,,,
Wine,TRA_Soft,classification,5,0.4976320000132546,36.35419998317957,2026-03-09T08:49:18.588842,0.6944444444444444,0.5949235949235949,0.0,,,
Wine,TRA_Soft,classification,6,0.468235399981495,38.47769999993034,2026-03-09T08:49:19.131176,0.9444444444444444,0.9430594947836328,0.0,,,
Wine,TRA_Soft,classification,7,0.5203698000113945,31.17299999576062,2026-03-09T08:49:19.715306,0.6666666666666666,0.5499999999999999,0.0,,,
Wine,TRA_Soft,classification,8,0.506782700016629,33.227099978830665,2026-03-09T08:49:20.289411,0.7428571428571429,0.7199351425157876,0.0,,,
Wine,TRA_Soft,classification,9,0.4840175999852363,88.07730002445169,2026-03-09T08:49:20.895485,0.7714285714285715,0.7612244897959184,0.0,,,
Breast Cancer,RandomForest,classification,0,0.11249520001001656,13.680499978363514,2026-03-09T08:49:21.042830,0.9649122807017544,0.965060378218273,0.9983622666229938,,,
Breast Cancer,RandomForest,classification,1,0.1077925999998115,13.879100006306544,2026-03-09T08:49:21.286527,0.9385964912280702,0.937745598564312,0.9785456927612185,,,
Breast Cancer,RandomForest,classification,2,0.1111224000051152,14.324400020996109,2026-03-09T08:49:21.428216,0.956140350877193,0.9557756825927252,0.9788359788359788,,,
Breast Cancer,RandomForest,classification,3,0.10831259997212328,13.931800000136718,2026-03-09T08:49:21.567232,0.9473684210526315,0.9479786422578186,0.9945436507936507,,,
Breast Cancer,RandomForest,classification,4,0.12003049999475479,14.01610000175424,2026-03-09T08:49:21.717344,0.9734513274336283,0.9733842231976362,0.9924547283702214,,,
Breast Cancer,RandomForest,classification,5,0.10355629998957738,13.889199995901436,2026-03-09T08:49:21.851874,0.9824561403508771,0.9824561403508771,0.9980347199475925,,,
Breast Cancer,RandomForest,classification,6,0.14257480000378564,29.290500009665266,2026-03-09T08:49:22.051994,0.9473684210526315,0.947107351712615,0.9957418932197838,,,
Breast Cancer,RandomForest,classification,7,0.10812419999274425,14.69909999286756,2026-03-09T08:49:22.192476,0.9649122807017544,0.9649122807017544,0.9895833333333333,,,
Breast Cancer,RandomForest,classification,8,0.10999009999795817,13.853700016625226,2026-03-09T08:49:22.332956,0.956140350877193,0.9557756825927252,0.9917328042328043,,,
Breast Cancer,RandomForest,classification,9,0.1104584000131581,13.914099981775507,2026-03-09T08:49:22.474560,0.9203539823008849,0.920540055600474,0.9730046948356808,,,
Breast Cancer,GradientBoosting,classification,0,0.6731780999980401,0.5246000073384494,2026-03-09T08:49:23.152457,0.9473684210526315,0.9473684210526315,0.9742875859810023,,,
Breast Cancer,GradientBoosting,classification,1,0.625552899989998,0.5446000141091645,2026-03-09T08:49:23.781655,0.8771929824561403,0.8758799772568742,0.9272846380609236,,,
Breast Cancer,GradientBoosting,classification,2,0.5246270000061486,0.5024999845772982,2026-03-09T08:49:24.310089,0.9122807017543859,0.9118117713260766,0.9502314814814814,,,
Breast Cancer,GradientBoosting,classification,3,0.7073548000189476,0.558799976715818,2026-03-09T08:49:25.021143,0.9298245614035088,0.9304169514695829,0.9427910052910053,,,
Breast Cancer,GradientBoosting,classification,4,0.6460884000116494,0.5145999894011766,2026-03-09T08:49:25.670609,0.9292035398230089,0.9284034428415566,0.9336016096579476,,,
Breast Cancer,GradientBoosting,classification,5,0.684554899984505,0.48149999929592013,2026-03-09T08:49:26.359106,0.9385964912280702,0.9391628988248274,0.9572551588601375,,,
Breast Cancer,GradientBoosting,classification,6,0.5122264000237919,0.45930000487715006,2026-03-09T08:49:26.874116,0.956140350877193,0.9558014271241044,0.9793645594497216,,,
Breast Cancer,GradientBoosting,classification,7,0.5632940999930725,0.5114000232424587,2026-03-09T08:49:27.441309,0.9210526315789473,0.9212409881140532,0.9138558201058202,,,
Breast Cancer,GradientBoosting,classification,8,0.49928129999898374,0.46549999387934804,2026-03-09T08:49:27.944218,0.9210526315789473,0.9215739274819479,0.9419642857142858,,,
Breast Cancer,GradientBoosting,classification,9,0.5129503000061959,0.4729999927803874,2026-03-09T08:49:28.460222,0.9026548672566371,0.9024088183913326,0.9081153588195842,,,
Breast Cancer,SVM,classification,0,0.01084700002684258,0.9673999738879502,2026-03-09T08:49:28.478060,0.9912280701754386,0.9912473774311051,0.9996724533245988,,,
Breast Cancer,SVM,classification,1,0.011674100009258837,1.0762999881990254,2026-03-09T08:49:28.494981,0.9473684210526315,0.947107351712615,0.9898460530625615,,,
Breast Cancer,SVM,classification,2,0.012111899995943531,1.1642999888863415,2026-03-09T08:49:28.511977,0.9736842105263158,0.9734654095556351,0.9851190476190477,,,
Breast Cancer,SVM,classification,3,0.012086400005500764,1.0847999947145581,2026-03-09T08:49:28.529980,0.9912280701754386,0.9912489986793391,1.0,,,
Breast Cancer,SVM,classification,4,0.012176100019132718,0.9996999870054424,2026-03-09T08:49:28.546995,0.9823008849557522,0.9822079526104994,0.9979879275653923,,,
Breast Cancer,SVM,classification,5,0.011390299972845241,0.9714000043459237,2026-03-09T08:49:28.563078,0.9736842105263158,0.973621425014614,0.9980347199475925,,,
Breast Cancer,SVM,classification,6,0.011669899977277964,1.0312000231351703,2026-03-09T08:49:28.580053,1.0,1.0,1.0,,,
Breast Cancer,SVM,classification,7,0.011091599997598678,1.0086999973282218,2026-03-09T08:49:28.597978,0.956140350877193,0.9557756825927252,0.9871031746031746,,,
Breast Cancer,SVM,classification,8,0.011164499999722466,1.0430999973323196,2026-03-09T08:49:28.613978,0.9736842105263158,0.9736164257756981,0.9960317460317459,,,
Breast Cancer,SVM,classification,9,0.011110200022812933,0.9885999897960573,2026-03-09T08:49:28.629978,0.9734513274336283,0.9735133518668246,0.9949698189134809,,,
Breast Cancer,KNN,classification,0,0.0002986000035889447,8.655999990878627,2026-03-09T08:49:28.645901,0.9824561403508771,0.9823691172375383,0.9993449066491975,,,
Breast Cancer,KNN,classification,1,0.0003519000019878149,3.500399994663894,2026-03-09T08:49:28.655915,0.9473684210526315,0.9468057045386604,0.9733049459547986,,,
Breast Cancer,KNN,classification,2,0.00030899999546818435,2.4317000061273575,2026-03-09T08:49:28.663900,0.9385964912280702,0.9380859556298152,0.9675925925925926,,,
Breast Cancer,KNN,classification,3,0.0002970999921672046,2.7556999993976206,2026-03-09T08:49:28.671898,0.9824561403508771,0.982536590411502,0.9993386243386244,,,
Breast Cancer,KNN,classification,4,0.0002997000119648874,2.577600011136383,2026-03-09T08:49:28.679900,0.9646017699115044,0.9642017214207783,0.9847417840375586,,,
Breast Cancer,KNN,classification,5,0.000304899993352592,3.3063000009860843,2026-03-09T08:49:28.688915,0.9649122807017544,0.964537136359107,0.9955781198820832,,,
Breast Cancer,KNN,classification,6,0.00030380001408047974,2.635899989400059,2026-03-09T08:49:28.698135,0.9649122807017544,0.9647382344750765,0.9855879462823453,,,
Breast Cancer,KNN,classification,7,0.00032210000790655613,2.8840999875683337,2026-03-09T08:49:28.706136,0.956140350877193,0.9554882874504246,0.9833002645502645,,,
Breast Cancer,KNN,classification,8,0.0002984999737236649,2.5944000226445496,2026-03-09T08:49:28.714583,0.9649122807017544,0.9647247085304307,0.9712301587301587,,,
Breast Cancer,KNN,classification,9,0.00033469998743385077,2.6006000116467476,2026-03-09T08:49:28.722605,0.9823008849557522,0.9823008849557522,0.9862508383635145,,,
Breast Cancer,MLP,classification,0,0.3593758000060916,0.2762999793048948,2026-03-09T08:49:29.086454,0.9736842105263158,0.9737421322933159,0.99737962659679,,,
Breast Cancer,MLP,classification,1,0.327143900009105,0.2925999870058149,2026-03-09T08:49:29.416250,0.956140350877193,0.95553257040308,0.9973796265967901,,,
Breast Cancer,MLP,classification,2,0.3250922999868635,0.28730000485666096,2026-03-09T08:49:29.744266,0.9824561403508771,0.9823623542652152,0.9847883597883598,,,
Breast Cancer,MLP,classification,3,0.360124500002712,0.2837000065483153,2026-03-09T08:49:30.108260,0.9912280701754386,0.9912489986793391,0.9996693121693121,,,
Breast Cancer,MLP,classification,4,0.3327972999832127,0.2815999905578792,2026-03-09T08:49:30.443739,0.9911504424778761,0.991128074399212,0.9986586183769282,,,
Breast Cancer,MLP,classification,5,0.37261140000191517,0.27540000155568123,2026-03-09T08:49:30.819426,0.9912280701754386,0.991207141671538,0.9977071732721913,,,
Breast Cancer,MLP,classification,6,0.3636447000026237,0.2723999787122011,2026-03-09T08:49:31.186389,0.9736842105263158,0.973621425014614,0.990501146413364,,,
Breast Cancer,MLP,classification,7,0.3304530000023078,0.288500013994053,2026-03-09T08:49:31.519962,0.9736842105263158,0.9736164257756981,0.9847883597883598,,,
Breast Cancer,MLP,classification,8,0.32256020000204444,0.2762000076472759,2026-03-09T08:49:31.845213,0.9824561403508771,0.9823623542652152,0.9950396825396824,,,
Breast Cancer,MLP,classification,9,0.32072280001011677,0.27879999834112823,2026-03-09T08:49:32.169431,0.9557522123893806,0.9556403719960602,0.9912810194500336,,,
Breast Cancer,XGBoost,classification,0,0.06317259999923408,1.1076999944634736,2026-03-09T08:49:32.242460,0.9736842105263158,0.9737421322933159,0.998689813298395,,,
Breast Cancer,XGBoost,classification,1,0.04863519998616539,0.8956000092439353,2026-03-09T08:49:32.296460,0.9385964912280702,0.937745598564312,0.9898460530625615,,,
Breast Cancer,XGBoost,classification,2,0.04649999999674037,0.9441000001970679,2026-03-09T08:49:32.348462,0.9649122807017544,0.9645092460881936,0.9890873015873016,,,
Breast Cancer,XGBoost,classification,3,0.049431500025093555,0.9050000226125121,2026-03-09T08:49:32.404459,0.956140350877193,0.9565835208828798,0.9973544973544973,,,
Breast Cancer,XGBoost,classification,4,0.06778869999106973,0.9996000153478235,2026-03-09T08:49:32.477987,0.9646017699115044,0.9644159052209991,0.9916163648558015,,,
Breast Cancer,XGBoost,classification,5,0.051493699982529506,0.9105000062845647,2026-03-09T08:49:32.535984,0.9736842105263158,0.9737421322933159,0.9970520799213889,,,
Breast Cancer,XGBoost,classification,6,0.049795900005847216,0.8791000000201166,2026-03-09T08:49:32.590984,0.9649122807017544,0.964537136359107,0.9963969865705864,,,
Breast Cancer,XGBoost,classification,7,0.04716550000011921,0.8848999859765172,2026-03-09T08:49:32.643984,0.956140350877193,0.9560273762928302,0.9884259259259259,,,
Breast Cancer,XGBoost,classification,8,0.04915380000602454,0.9074999834410846,2026-03-09T08:49:32.698984,0.9736842105263158,0.9734654095556351,0.9917328042328041,,,
Breast Cancer,XGBoost,classification,9,0.04730009997729212,1.0065000096801668,2026-03-09T08:49:32.752474,0.9469026548672567,0.9471407991062241,0.9875922199865863,,,
Breast Cancer,LightGBM,classification,0,0.043182399997022,1.9125999824609607,2026-03-09T08:49:32.805475,0.9824561403508771,0.9824561403508771,0.9996724533245988,,,
Breast Cancer,LightGBM,classification,1,0.040887099981773645,1.2915999977849424,2026-03-09T08:49:32.851118,0.9473684210526315,0.9468057045386604,0.9918113331149689,,,
Breast Cancer,LightGBM,classification,2,0.032459499983815476,1.142599998274818,2026-03-09T08:49:32.889122,0.9649122807017544,0.9647247085304307,0.986111111111111,,,
Breast Cancer,LightGBM,classification,3,0.02956669998820871,1.104700000723824,2026-03-09T08:49:32.923138,0.9649122807017544,0.9650731808230041,0.9973544973544973,,,
Breast Cancer,LightGBM,classification,4,0.03713169999537058,1.3824000197928399,2026-03-09T08:49:32.965118,0.9734513274336283,0.9732343267894076,0.9929577464788732,,,
Breast Cancer,LightGBM,classification,5,0.031365000002551824,1.56309999874793,2026-03-09T08:49:33.003121,0.9736842105263158,0.973621425014614,0.9980347199475926,,,
Breast Cancer,LightGBM,classification,6,0.0411409999942407,1.6815999988466501,2026-03-09T08:49:33.050501,0.9473684210526315,0.947107351712615,0.9963969865705863,,,
Breast Cancer,LightGBM,classification,7,0.035468700021738186,1.1270999966654927,2026-03-09T08:49:33.091503,0.9649122807017544,0.9647247085304307,0.9890873015873015,,,
Breast Cancer,LightGBM,classification,8,0.027436800010036677,1.056499982951209,2026-03-09T08:49:33.124505,0.9649122807017544,0.9647247085304307,0.9927248677248678,,,
Breast Cancer,LightGBM,classification,9,0.03760909999255091,1.1683999910019338,2026-03-09T08:49:33.166504,0.9469026548672567,0.9469026548672567,0.9869215291750503,,,
Breast Cancer,CatBoost,classification,0,0.5447680000215769,1.6791000089142472,2026-03-09T08:49:33.719118,0.956140350877193,0.9562368871555263,0.99737962659679,,,
Breast Cancer,CatBoost,classification,1,0.5197926000109874,1.5850999916438013,2026-03-09T08:49:34.245569,0.9473684210526315,0.9468057045386604,0.9921388797903701,,,
Breast Cancer,CatBoost,classification,2,0.5132060000032652,1.3866999943275005,2026-03-09T08:49:34.764270,0.9649122807017544,0.9647247085304307,0.986441798941799,,,
Breast Cancer,CatBoost,classification,3,0.5886191999888979,1.4642000023741275,2026-03-09T08:49:35.359261,0.9649122807017544,0.9652084757347915,0.9970238095238095,,,
Breast Cancer,CatBoost,classification,4,0.5163487000099849,1.3928999833296984,2026-03-09T08:49:35.881494,0.9823008849557522,0.9822079526104994,0.9963112005365526,,,
Breast Cancer,CatBoost,classification,5,0.564904300001217,1.421599998138845,2026-03-09T08:49:36.452845,0.9736842105263158,0.973621425014614,0.9967245332459875,,,
Breast Cancer,CatBoost,classification,6,0.5182661999715492,1.396600011503324,2026-03-09T08:49:36.976884,0.9649122807017544,0.9647382344750765,0.9970520799213888,,,
Breast Cancer,CatBoost,classification,7,0.5481976000010036,1.7333000141661614,2026-03-09T08:49:37.532944,0.9649122807017544,0.9649122807017544,0.990079365079365,,,
Breast Cancer,CatBoost,classification,8,0.5817742999934126,1.4096999948378652,2026-03-09T08:49:38.121233,0.9649122807017544,0.9647247085304307,0.9950396825396826,,,
Breast Cancer,CatBoost,classification,9,0.5354130000050645,1.3774000108242035,2026-03-09T08:49:38.662945,0.9557522123893806,0.9556403719960602,0.9852448021462107,,,
Breast Cancer,TRA_Hard,classification,0,0.687814899982186,92.99210002063774,2026-03-09T08:49:39.481690,0.9649122807017544,0.965060378218273,0.991320013101867,,,
Breast Cancer,TRA_Hard,classification,1,0.8031219999829773,29.533799999626353,2026-03-09T08:49:40.348494,0.9649122807017544,0.964537136359107,0.9921388797903701,,,
Breast Cancer,TRA_Hard,classification,2,0.7098450000048615,37.19229999114759,2026-03-09T08:49:41.129641,0.9210526315789473,0.9186377708978327,0.9890873015873016,,,
Breast Cancer,TRA_Hard,classification,3,0.5960309999936726,35.32130000530742,2026-03-09T08:49:41.793784,0.9298245614035088,0.9290184921763869,0.9877645502645502,,,
Breast Cancer,TRA_Hard,classification,4,0.6429630999919027,83.92579999053851,2026-03-09T08:49:42.555528,0.911504424778761,0.9084360326791626,0.9760228034875922,,,
Breast Cancer,TRA_Hard,classification,5,0.6610112999915145,37.175900011789054,2026-03-09T08:49:43.289518,0.956140350877193,0.9560357083576898,0.9724860792662954,,,
Breast Cancer,TRA_Hard,classification,6,0.6937730000063311,29.068100004224107,2026-03-09T08:49:44.044080,0.9824561403508771,0.9823691172375383,0.9996724533245988,,,
Breast Cancer,TRA_Hard,classification,7,0.7066149000020232,36.446599988266826,2026-03-09T08:49:44.821191,0.8421052631578947,0.8402916073968705,0.9728835978835979,,,
Breast Cancer,TRA_Hard,classification,8,0.6762106999813113,84.65500001329929,2026-03-09T08:49:45.618890,0.8333333333333334,0.8209882265690183,0.9642857142857143,,,
Breast Cancer,TRA_Hard,classification,9,0.6293280999816488,37.79020000365563,2026-03-09T08:49:46.323503,0.9734513274336283,0.9732343267894076,0.9963112005365526,,,
Breast Cancer,TRA_Soft,classification,0,0.6279731999966316,35.84100000443868,2026-03-09T08:49:47.026421,0.9649122807017544,0.965060378218273,0.9934490664919751,,,
Breast Cancer,TRA_Soft,classification,1,0.7668255000025965,40.98510000039823,2026-03-09T08:49:47.872175,0.9649122807017544,0.964537136359107,0.9934490664919751,,,
Breast Cancer,TRA_Soft,classification,2,0.6986627000151202,38.89659998822026,2026-03-09T08:49:48.645597,0.9122807017543859,0.9092017513070144,0.9837962962962963,,,
Breast Cancer,TRA_Soft,classification,3,0.580545600008918,37.229099980322644,2026-03-09T08:49:49.301344,0.9122807017543859,0.9112731152204836,0.9950396825396826,,,
Breast Cancer,TRA_Soft,classification,4,0.6403851000068244,41.53950000181794,2026-03-09T08:49:50.019643,0.9380530973451328,0.9366924576284914,0.9902749832327297,,,
Breast Cancer,TRA_Soft,classification,5,0.6684174000110943,38.12219999963418,2026-03-09T08:49:50.767421,0.956140350877193,0.95553257040308,0.9967245332459876,,,
Breast Cancer,TRA_Soft,classification,6,0.688952500000596,33.96180001436733,2026-03-09T08:49:51.527091,0.9824561403508771,0.9823691172375383,0.9954143465443825,,,
Breast Cancer,TRA_Soft,classification,7,0.6454949000035413,38.20880001876503,2026-03-09T08:49:52.247889,0.8771929824561403,0.8749257759784075,0.9854497354497355,,,
Breast Cancer,TRA_Soft,classification,8,0.6716643999970984,86.98220000951551,2026-03-09T08:49:53.047128,0.8421052631578947,0.8443262888679499,0.9887566137566138,,,
Breast Cancer,TRA_Soft,classification,9,0.7037975999992341,45.32559998915531,2026-03-09T08:49:53.835993,0.9557522123893806,0.9551044793407448,0.994634473507713,,,
Digits,RandomForest,classification,0,0.13381640001898631,24.653500004205853,2026-03-09T08:49:54.024954,0.9861111111111112,0.9861100392308186,0.0,,,
Digits,RandomForest,classification,1,0.12956870000925846,24.98889999696985,2026-03-09T08:49:54.206520,0.9805555555555555,0.9806227593873744,0.0,,,
Digits,RandomForest,classification,2,0.11788810000871308,24.56769999116659,2026-03-09T08:49:54.375775,0.9749303621169917,0.975103711868652,0.0,,,
Digits,RandomForest,classification,3,0.12695459998212755,24.884500016923994,2026-03-09T08:49:54.554307,0.9805013927576601,0.980453407613302,0.0,,,
Digits,RandomForest,classification,4,0.1200509000045713,24.59019998786971,2026-03-09T08:49:54.726253,0.9749303621169917,0.9748350248604184,0.0,,,
Digits,RandomForest,classification,5,0.1310654999979306,26.046899991342798,2026-03-09T08:49:54.912101,0.9777777777777777,0.9778436483435576,0.0,,,
Digits,RandomForest,classification,6,0.15718089998699725,14.555600006133318,2026-03-09T08:49:55.114876,0.975,0.9752224126775543,0.0,,,
Digits,RandomForest,classification,7,0.16410170000744984,24.28509999299422,2026-03-09T08:49:55.330850,0.9777158774373259,0.9773776786881301,0.0,,,
Digits,RandomForest,classification,8,0.1311721999954898,24.667999998200685,2026-03-09T08:49:55.514904,0.9777158774373259,0.9775506987463172,0.0,,,
Digits,RandomForest,classification,9,0.14066270002513193,24.155000020982698,2026-03-09T08:49:55.695733,0.9749303621169917,0.9749826181282106,0.0,,,
Digits,GradientBoosting,classification,0,10.492258399986895,11.321500001940876,2026-03-09T08:50:06.215253,0.925,0.9246048008170795,0.0,,,
Digits,GradientBoosting,classification,1,10.291107800003374,10.966500005451962,2026-03-09T08:50:16.531039,0.9222222222222223,0.9213697968991222,0.0,,,
Digits,GradientBoosting,classification,2,10.30876499999431,11.452200007624924,2026-03-09T08:50:26.866007,0.924791086350975,0.9260127821123678,0.0,,,
Digits,GradientBoosting,classification,3,10.239325200003805,11.074500012909994,2026-03-09T08:50:37.130088,0.9275766016713092,0.9274357608760848,0.0,,,
Digits,GradientBoosting,classification,4,10.170188000018243,10.75210000271909,2026-03-09T08:50:47.324569,0.9164345403899722,0.916585833682099,0.0,,,
Digits,GradientBoosting,classification,5,10.236252299975604,11.206199997104704,2026-03-09T08:50:57.586949,0.95,0.9500747535173482,0.0,,,
Digits,GradientBoosting,classification,6,10.20462299999781,11.133499996503815,2026-03-09T08:51:07.816583,0.9111111111111111,0.9111351533084069,0.0,,,
Digits,GradientBoosting,classification,7,10.024327100021765,10.746300016762689,2026-03-09T08:51:17.865358,0.9415041782729805,0.9422169384051158,0.0,,,
Digits,GradientBoosting,classification,8,10.2030553999939,12.524899997515604,2026-03-09T08:51:28.095816,0.9164345403899722,0.9152910191655925,0.0,,,
Digits,GradientBoosting,classification,9,10.190039000008255,10.968700022203848,2026-03-09T08:51:38.310134,0.9220055710306406,0.9221582672600771,0.0,,,
Digits,SVM,classification,0,0.2185188999865204,18.73920002253726,2026-03-09T08:51:38.573468,0.9833333333333333,0.9833956722206769,0.0,,,
Digits,SVM,classification,1,0.20438790001207963,17.75119997910224,2026-03-09T08:51:38.816541,0.9916666666666667,0.9916666666666667,0.0,,,
Digits,SVM,classification,2,0.20003449998330325,17.72430000710301,2026-03-09T08:51:39.055551,0.9888579387186629,0.9888569535125136,0.0,,,
Digits,SVM,classification,3,0.19897800000035204,17.296700010774657,2026-03-09T08:51:39.291550,0.9805013927576601,0.9805226334239726,0.0,,,
Digits,SVM,classification,4,0.20462810000753962,17.713199980789796,2026-03-09T08:51:39.534135,0.9749303621169917,0.9748352567045283,0.0,,,
Digits,SVM,classification,5,0.19943450001301244,17.82089998596348,2026-03-09T08:51:39.772144,0.9833333333333333,0.9833300866234621,0.0,,,
Digits,SVM,classification,6,0.1994295000040438,17.302799999015406,2026-03-09T08:51:40.010143,0.9805555555555555,0.9807395717313558,0.0,,,
Digits,SVM,classification,7,0.20163880000473,18.134299985831603,2026-03-09T08:51:40.251146,0.9777158774373259,0.9779487015377373,0.0,,,
Digits,SVM,classification,8,0.20054489999893121,17.907200002809986,2026-03-09T08:51:40.490140,0.9805013927576601,0.9804186542438945,0.0,,,
Digits,SVM,classification,9,0.2016876000270713,17.935600015334785,2026-03-09T08:51:40.731158,0.9832869080779945,0.9832382807759137,0.0,,,
Digits,KNN,classification,0,0.0004326000052969903,3.0054999806452543,2026-03-09T08:51:40.740061,0.9888888888888889,0.9888873096519248,0.0,,,
Digits,KNN,classification,1,0.000450699997600168,2.0166999893262982,2026-03-09T08:51:40.747062,0.975,0.9749863628468852,0.0,,,
Digits,KNN,classification,2,0.0003904000041075051,1.959399989573285,2026-03-09T08:51:40.755061,0.9832869080779945,0.9832068592217503,0.0,,,
Digits,KNN,classification,3,0.0005536999960895628,2.521799993701279,2026-03-09T08:51:40.764065,0.9749303621169917,0.9748577700810945,0.0,,,
Digits,KNN,classification,4,0.0004894000012427568,2.1775000204797834,2026-03-09T08:51:40.772066,0.9721448467966574,0.9718919481998747,0.0,,,
Digits,KNN,classification,5,0.0005104999872855842,1.9456000009085983,2026-03-09T08:51:40.781062,0.9694444444444444,0.9693773762478254,0.0,,,
Digits,KNN,classification,6,0.0005960000271443278,2.6680000009946525,2026-03-09T08:51:40.790178,0.9666666666666667,0.9669334147421002,0.0,,,
Digits,KNN,classification,7,0.0006712999893352389,3.2913000031840056,2026-03-09T08:51:40.800181,0.9805013927576601,0.9804752912879383,0.0,,,
Digits,KNN,classification,8,0.0004785000055562705,2.2772999946027994,2026-03-09T08:51:40.809181,0.9777158774373259,0.9776977101961791,0.0,,,
Digits,KNN,classification,9,0.0005762000218965113,2.447000006213784,2026-03-09T08:51:40.818178,0.9665738161559888,0.9665592222689935,0.0,,,
Digits,MLP,classification,0,0.6458755000203382,0.7382000039797276,2026-03-09T08:51:41.469693,0.9777777777777777,0.9777997696477397,0.0,,,
Digits,MLP,classification,1,0.6180538000189699,0.6679000216536224,2026-03-09T08:51:42.091963,0.9805555555555555,0.9805142422265709,0.0,,,
Digits,MLP,classification,2,0.596544800006086,0.6396000098902732,2026-03-09T08:51:42.692400,0.9777158774373259,0.9777474452981534,0.0,,,
Digits,MLP,classification,3,0.6099536999827251,0.6585000082850456,2026-03-09T08:51:43.305585,0.9805013927576601,0.9803688379562869,0.0,,,
Digits,MLP,classification,4,0.5934284999966621,0.6710000161547214,2026-03-09T08:51:43.903566,0.9721448467966574,0.9721729257468235,0.0,,,
Digits,MLP,classification,5,0.6177160000079311,0.751599989598617,2026-03-09T08:51:44.525581,0.9805555555555555,0.9805098076535526,0.0,,,
Digits,MLP,classification,6,0.6193923999962863,0.6682999955955893,2026-03-09T08:51:45.148948,0.975,0.9750079199495725,0.0,,,
Digits,MLP,classification,7,0.5815068000229076,0.6492000247817487,2026-03-09T08:51:45.734237,0.9749303621169917,0.9750407904259472,0.0,,,
Digits,MLP,classification,8,0.606050000002142,0.670300010824576,2026-03-09T08:51:46.344237,0.9721448467966574,0.9719559161923217,0.0,,,
Digits,MLP,classification,9,0.6147377000015695,0.6323000125121325,2026-03-09T08:51:46.963044,0.9777158774373259,0.9778193642434131,0.0,,,
Digits,XGBoost,classification,0,0.315544500015676,1.8310000014025718,2026-03-09T08:51:47.286781,0.9638888888888889,0.9637613301678514,0.0,,,
Digits,XGBoost,classification,1,0.27824600000167266,1.8173999851569533,2026-03-09T08:51:47.572342,0.9666666666666667,0.966613107498502,0.0,,,
Digits,XGBoost,classification,2,0.27304109997930937,1.8425000016577542,2026-03-09T08:51:47.852771,0.958217270194986,0.9582718892151997,0.0,,,
Digits,XGBoost,classification,3,0.27294070000061765,1.8912999948952347,2026-03-09T08:51:48.132771,0.9637883008356546,0.9635990991043561,0.0,,,
Digits,XGBoost,classification,4,0.266950099990936,1.8723999965004623,2026-03-09T08:51:48.406771,0.9526462395543176,0.9529712121770404,0.0,,,
Digits,XGBoost,classification,5,0.27130570000736043,1.96460000006482,2026-03-09T08:51:48.685771,0.9638888888888889,0.9637541418210829,0.0,,,
Digits,XGBoost,classification,6,0.2748820999986492,1.828699983889237,2026-03-09T08:51:48.968175,0.95,0.9502177873266047,0.0,,,
Digits,XGBoost,classification,7,0.28849560001981445,1.923300005728379,2026-03-09T08:51:49.264175,0.958217270194986,0.9580897654482691,0.0,,,
Digits,XGBoost,classification,8,0.2919858999957796,1.934400002937764,2026-03-09T08:51:49.563617,0.9637883008356546,0.963597121821619,0.0,,,
Digits,XGBoost,classification,9,0.27626559999771416,1.9817999855149537,2026-03-09T08:51:49.847617,0.958217270194986,0.9583728693120999,0.0,,,
Digits,LightGBM,classification,0,0.3969488999864552,7.182200002716854,2026-03-09T08:51:50.266658,0.9805555555555555,0.980729479375069,0.0,,,
Digits,LightGBM,classification,1,0.3635815999878105,6.490300002042204,2026-03-09T08:51:50.645684,0.9722222222222222,0.9721269316604287,0.0,,,
Digits,LightGBM,classification,2,0.35303480000584386,6.7371999903116375,2026-03-09T08:51:51.015668,0.9721448467966574,0.9720849757889168,0.0,,,
Digits,LightGBM,classification,3,0.3522469000017736,5.652099993312731,2026-03-09T08:51:51.382745,0.9749303621169917,0.9747511139281869,0.0,,,
Digits,LightGBM,classification,4,0.3531531000044197,7.034100010059774,2026-03-09T08:51:51.753252,0.9749303621169917,0.9751150636195228,0.0,,,
Digits,LightGBM,classification,5,0.3543043000099715,6.533699983265251,2026-03-09T08:51:52.123628,0.9777777777777777,0.9776951038505536,0.0,,,
Digits,LightGBM,classification,6,0.3469633999920916,7.345999998506159,2026-03-09T08:51:52.488643,0.9694444444444444,0.9695024327644656,0.0,,,
Digits,LightGBM,classification,7,0.3814241000218317,7.261300022946671,2026-03-09T08:51:52.888406,0.9777158774373259,0.97770888083835,0.0,,,
Digits,LightGBM,classification,8,0.35711289997561835,7.142400019802153,2026-03-09T08:51:53.261309,0.9693593314763231,0.9695001730226782,0.0,,,
Digits,LightGBM,classification,9,0.3434401999984402,6.930200004717335,2026-03-09T08:51:53.621311,0.9693593314763231,0.9693380925606505,0.0,,,
Digits,CatBoost,classification,0,0.9067303000192624,5.877399991732091,2026-03-09T08:51:54.544990,0.975,0.975095079811562,0.0,,,
Digits,CatBoost,classification,1,0.855704900022829,5.894900008570403,2026-03-09T08:51:55.415248,0.9694444444444444,0.9692709555902226,0.0,,,
Digits,CatBoost,classification,2,0.8382259999925736,5.964299984043464,2026-03-09T08:51:56.268443,0.9693593314763231,0.9695410131668,0.0,,,
Digits,CatBoost,classification,3,0.8441276999947149,5.857600015588105,2026-03-09T08:51:57.127710,0.9749303621169917,0.9747731546002507,0.0,,,
Digits,CatBoost,classification,4,0.8766674000071362,6.315100006759167,2026-03-09T08:51:58.019340,0.9665738161559888,0.966561541564291,0.0,,,
Digits,CatBoost,classification,5,0.882475099992007,6.744000012986362,2026-03-09T08:51:58.918238,0.9805555555555555,0.9806199040674144,0.0,,,
Digits,CatBoost,classification,6,0.9346756000013556,5.795900011435151,2026-03-09T08:51:59.867610,0.9694444444444444,0.9694326436673038,0.0,,,
Digits,CatBoost,classification,7,0.8444485000218265,5.767000024206936,2026-03-09T08:52:00.726098,0.9749303621169917,0.974918450262356,0.0,,,
Digits,CatBoost,classification,8,0.8846114999905694,6.3375000027008355,2026-03-09T08:52:01.625749,0.9665738161559888,0.9663970303077711,0.0,,,
Digits,CatBoost,classification,9,0.8715075999789406,5.877599993254989,2026-03-09T08:52:02.511681,0.9777158774373259,0.9776904744222672,0.0,,,
Digits,TRA_Hard,classification,0,1.1208278000121936,53.11799998162314,2026-03-09T08:52:03.735270,0.3527777777777778,0.32484036011913847,0.0,,,
Digits,TRA_Hard,classification,1,1.2413196000270545,72.0629999996163,2026-03-09T08:52:05.129855,0.9111111111111111,0.9102175084558413,0.0,,,
Digits,TRA_Hard,classification,2,1.179924799973378,58.617500006221235,2026-03-09T08:52:06.420211,0.935933147632312,0.9363422077985223,0.0,,,
Digits,TRA_Hard,classification,3,1.0436369999952149,57.11560000781901,2026-03-09T08:52:07.582095,0.649025069637883,0.6371379026412151,0.0,,,
Digits,TRA_Hard,classification,4,1.1676313000207301,116.67060002218932,2026-03-09T08:52:08.977696,0.935933147632312,0.9366228474679035,0.0,,,
Digits,TRA_Hard,classification,5,1.2651361000025645,116.2315999972634,2026-03-09T08:52:10.419500,0.6333333333333333,0.6067631880590972,0.0,,,
Digits,TRA_Hard,classification,6,1.2585550000076182,119.8251000023447,2026-03-09T08:52:11.867334,0.8527777777777777,0.8531560611902534,0.0,,,
Digits,TRA_Hard,classification,7,1.3554569000261836,67.68730000476353,2026-03-09T08:52:13.349303,0.9303621169916435,0.9301876417754378,0.0,,,
Digits,TRA_Hard,classification,8,1.3005789000017103,67.20579997636378,2026-03-09T08:52:14.781400,0.28133704735376047,0.2546518800523659,0.0,,,
Digits,TRA_Hard,classification,9,1.2561488000210375,116.5356999845244,2026-03-09T08:52:16.217968,0.5766016713091922,0.5618372162658819,0.0,,,
Digits,TRA_Soft,classification,0,1.1016386999981478,65.27699998696335,2026-03-09T08:52:17.454998,0.875,0.8746316210248477,0.0,,,
Digits,TRA_Soft,classification,1,1.1948166000074707,73.69940000353381,2026-03-09T08:52:18.795910,0.825,0.8245696766547549,0.0,,,
Digits,TRA_Soft,classification,2,1.136120499984827,71.67010000557639,2026-03-09T08:52:20.075566,0.8272980501392758,0.8280592057718379,0.0,,,
Digits,TRA_Soft,classification,3,1.0832155999960378,87.10229999269359,2026-03-09T08:52:21.370718,0.8356545961002786,0.829556597799896,0.0,,,
Digits,TRA_Soft,classification,4,1.1302560000040103,138.8130999985151,2026-03-09T08:52:22.717651,0.8022284122562674,0.8005075649326819,0.0,,,
Digits,TRA_Soft,classification,5,1.212373899994418,133.48129999940284,2026-03-09T08:52:24.148348,0.8361111111111111,0.8350152658463328,0.0,,,
Digits,TRA_Soft,classification,6,1.2197109999833629,139.13950001006015,2026-03-09T08:52:25.598029,0.75,0.7458939758319728,0.0,,,
Digits,TRA_Soft,classification,7,1.3231815999897663,101.48969999863766,2026-03-09T08:52:27.112667,0.8356545961002786,0.8303751797466968,0.0,,,
Digits,TRA_Soft,classification,8,1.2846673000021838,99.91770001943223,2026-03-09T08:52:28.582079,0.8022284122562674,0.8005699023342076,0.0,,,
Digits,TRA_Soft,classification,9,1.2225573000032455,142.1911000215914,2026-03-09T08:52:30.037328,0.6573816155988857,0.6467877885141695,0.0,,,
bank-marketing,RandomForest,classification,0,0.7056237999931909,37.90039999876171,2026-03-09T08:52:30.832914,0.907110472188433,0.897357769690734,0.930009126280017,,,
bank-marketing,RandomForest,classification,1,0.7148041000182275,25.011700025061145,2026-03-09T08:52:31.611980,0.90278699402787,0.8929816874539926,0.9288778806525243,,,
bank-marketing,RandomForest,classification,2,0.6317998000013176,25.295900006312877,2026-03-09T08:52:32.308513,0.9041141340411414,0.8950705403307373,0.9253662097351605,,,
bank-marketing,RandomForest,classification,3,0.6689832999836653,24.610300024505705,2026-03-09T08:52:33.041568,0.9058836540588365,0.8938938446356188,0.9308085689337087,,,
bank-marketing,RandomForest,classification,4,0.6693718999740668,25.039800006197765,2026-03-09T08:52:33.775755,0.9023446140234461,0.8930100856692998,0.924012190259536,,,
bank-marketing,RandomForest,classification,5,0.6584306999866385,24.892000015825033,2026-03-09T08:52:34.502262,0.9041247373659184,0.8942164076520359,0.9218391525698586,,,
bank-marketing,RandomForest,classification,6,0.6445655999996234,25.06260000518523,2026-03-09T08:52:35.211635,0.9054412740544128,0.89602644642399,0.9289654383899804,,,
bank-marketing,RandomForest,classification,7,0.7059507000085432,37.89400000823662,2026-03-09T08:52:35.996424,0.904777704047777,0.895493168188446,0.9276147995423739,,,
bank-marketing,RandomForest,classification,8,0.7017424000077881,25.368299975525588,2026-03-09T08:52:36.763740,0.904888299048883,0.8958875766607232,0.9290190731178803,,,
bank-marketing,RandomForest,classification,9,0.665890699980082,24.800300016067922,2026-03-09T08:52:37.494780,0.9082061490820615,0.8973876174552561,0.9321167145254592,,,
bank-marketing,GradientBoosting,classification,0,7.093550499994308,16.074800019850954,2026-03-09T08:52:44.642246,0.9087692137564968,0.9031351114262025,0.9368378564250313,,,
bank-marketing,GradientBoosting,classification,1,7.1212240000022575,16.447700007120147,2026-03-09T08:52:51.811355,0.904888299048883,0.8995534093163081,0.9357304880425633,,,
bank-marketing,GradientBoosting,classification,2,6.945146699988982,15.905800013570115,2026-03-09T08:52:58.802520,0.9032293740322938,0.8981445725544177,0.9308618418311102,,,
bank-marketing,GradientBoosting,classification,3,6.94978570000967,16.161899984581396,2026-03-09T08:53:05.799327,0.9096438840964388,0.9035581439373911,0.9350692168836727,,,
bank-marketing,GradientBoosting,classification,4,7.029523800010793,17.009499977575615,2026-03-09T08:53:12.877418,0.9058836540588365,0.9006870172423171,0.9298836330506002,,,
bank-marketing,GradientBoosting,classification,5,6.927143700013403,15.846399997826666,2026-03-09T08:53:19.853399,0.905783478933982,0.9002496404126075,0.9270746307170936,,,
bank-marketing,GradientBoosting,classification,6,6.994996900000842,15.851000003749505,2026-03-09T08:53:26.894287,0.906989604069896,0.9018977393095019,0.9340994734095208,,,
bank-marketing,GradientBoosting,classification,7,6.901142399990931,15.955999988364056,2026-03-09T08:53:33.841944,0.9042247290422473,0.8979092351923241,0.9312804484204704,,,
bank-marketing,GradientBoosting,classification,8,6.987892000004649,16.656899999361485,2026-03-09T08:53:40.876431,0.9063260340632603,0.9003329409514108,0.9354378653336919,,,
bank-marketing,GradientBoosting,classification,9,6.89490559999831,15.814299986232072,2026-03-09T08:53:47.817860,0.9080955540809555,0.901801138303062,0.935239157426384,,,
bank-marketing,SVM,classification,0,109.45616380000138,7081.851399998413,2026-03-09T08:55:51.376686,0.8988167643481145,0.8794244879377956,0.8616426357075472,,,
bank-marketing,SVM,classification,1,116.98289340001065,5199.450200016145,2026-03-09T08:57:58.979664,0.8971466489714665,0.8781808103219633,0.8436499609900068,,,
bank-marketing,SVM,classification,2,71.56425929997931,3762.2512000089046,2026-03-09T08:59:18.069251,0.898252598982526,0.879784230813405,0.8481958008644891,,,
bank-marketing,SVM,classification,3,60.27839300001506,4075.6763000099454,2026-03-09T09:00:26.327586,0.900464499004645,0.8789303986121474,0.8593239172106026,,,
bank-marketing,SVM,classification,4,66.04549309998401,3833.837100013625,2026-03-09T09:01:40.001788,0.8968148639681487,0.8790982976795833,0.8503036910304542,,,
bank-marketing,SVM,classification,5,59.58262810000451,3789.1916000226047,2026-03-09T09:02:47.241552,0.8979321021784806,0.8791832032131227,0.8480720585502354,,,
bank-marketing,SVM,classification,6,60.41170460000285,3764.965400012443,2026-03-09T09:03:55.218029,0.8981420039814201,0.8795821013829408,0.85304091339663,,,
bank-marketing,SVM,classification,7,121.8693796999869,6980.84679999738,2026-03-09T09:06:09.947516,0.8990267639902676,0.8796749649302691,0.8483843869212907,,,
bank-marketing,SVM,classification,8,102.30348530001356,3789.288800006034,2026-03-09T09:07:59.802559,0.8981420039814201,0.8787118134867098,0.8587014530005189,,,
bank-marketing,SVM,classification,9,59.60799740001676,3877.525300020352,2026-03-09T09:09:07.114183,0.9000221190002212,0.8796272823549274,0.8549229839641476,,,
bank-marketing,KNN,classification,0,0.0014324999938253313,335.8560999913607,2026-03-09T09:09:07.788694,0.8946146190423532,0.8829515990730566,0.8158359897397411,,,
bank-marketing,KNN,classification,1,0.002348200010601431,306.99419998563826,2026-03-09T09:09:08.388692,0.8919486839194868,0.8782426009637629,0.8181889055223578,,,
bank-marketing,KNN,classification,2,0.0023493999906349927,344.1702999989502,2026-03-09T09:09:09.090233,0.8913957089139571,0.8774428584915807,0.8041732685598039,,,
bank-marketing,KNN,classification,3,0.002181199990445748,320.30459999805316,2026-03-09T09:09:09.760562,0.8970360539703606,0.8823982541702973,0.8198868791458152,,,
bank-marketing,KNN,classification,4,0.0022363000025507063,318.98549999459647,2026-03-09T09:09:10.436560,0.8933864189338642,0.8804489087510341,0.8225801792621159,,,
bank-marketing,KNN,classification,5,0.0022564000100828707,321.7843000020366,2026-03-09T09:09:11.090560,0.8896383943381622,0.8756185059406822,0.803603696912808,,,
bank-marketing,KNN,classification,6,0.001861500000813976,320.5508999817539,2026-03-09T09:09:11.732001,0.8929440389294404,0.8800105847664003,0.8106730393849869,,,
bank-marketing,KNN,classification,7,0.0023407999833580106,295.6255000026431,2026-03-09T09:09:12.349001,0.893828798938288,0.8800348378960305,0.8164564005136928,,,
bank-marketing,KNN,classification,8,0.0018037999980151653,364.0034999989439,2026-03-09T09:09:13.021003,0.8930546339305463,0.8789654066236882,0.8210465117380317,,,
bank-marketing,KNN,classification,9,0.0017544000002089888,305.9621999855153,2026-03-09T09:09:13.673085,0.8955983189559832,0.8821853955356947,0.819751270025874,,,
bank-marketing,MLP,classification,0,57.94364169999608,5.452999990666285,2026-03-09T09:10:11.652680,0.8821187658962734,0.8781702255723418,0.8711204728146938,,,
bank-marketing,MLP,classification,1,78.12673600000562,8.140899997670203,2026-03-09T09:11:29.809642,0.8798938287989383,0.8775600206777742,0.867882483061606,,,
bank-marketing,MLP,classification,2,89.50891809997847,8.166100014932454,2026-03-09T09:12:59.348942,0.8715992037159921,0.8725028116692451,0.858253842278129,,,
bank-marketing,MLP,classification,3,46.747059700021055,5.431199999293312,2026-03-09T09:13:46.121679,0.8861977438619775,0.8819674562214247,0.8763086191286166,,,
bank-marketing,MLP,classification,4,85.42369600001257,10.478299984242767,2026-03-09T09:15:11.580046,0.8829904888299049,0.8789572195020638,0.8607543536979441,,,
bank-marketing,MLP,classification,5,56.024574100010796,5.69829999585636,2026-03-09T09:16:07.634539,0.8833351763795201,0.8783554848197354,0.8638465553915481,,,
bank-marketing,MLP,classification,6,56.613023500016425,7.439700013492256,2026-03-09T09:17:04.277012,0.8822163238221632,0.8824327754485345,0.8809380644526843,,,
bank-marketing,MLP,classification,7,61.59021190000931,5.3121999953873456,2026-03-09T09:18:05.891649,0.8858659588586596,0.8793485351544995,0.8747959056108437,,,
bank-marketing,MLP,classification,8,170.947183900018,16.381300025386736,2026-03-09T09:20:56.885900,0.8780137137801372,0.8761661023826647,0.8565473337980308,,,
bank-marketing,MLP,classification,9,263.22664280000026,9.630099986679852,2026-03-09T09:25:20.153767,0.8880778588807786,0.8841104011695372,0.8689043966950916,,,
bank-marketing,LightGBM,classification,0,0.18072760000359267,16.38630000525154,2026-03-09T09:25:20.417148,0.9098750414685391,0.9038047751661975,0.9362705119357774,,,
bank-marketing,LightGBM,classification,1,0.1631440999917686,15.872999996645376,2026-03-09T09:25:20.632742,0.904888299048883,0.8983931961079809,0.9359148450648656,,,
bank-marketing,LightGBM,classification,2,0.1648527999932412,14.95829998748377,2026-03-09T09:25:20.851129,0.9033399690333996,0.8976098923612147,0.9304130472665558,,,
bank-marketing,LightGBM,classification,3,0.16526479998719878,16.18029997916892,2026-03-09T09:25:21.071339,0.9113028091130281,0.9036830136509739,0.9387398970909684,,,
bank-marketing,LightGBM,classification,4,0.15588079998269677,15.253899997333065,2026-03-09T09:25:21.277338,0.9084273390842734,0.902337339971539,0.9297949040803725,,,
bank-marketing,LightGBM,classification,5,0.17280709999613464,16.54369998141192,2026-03-09T09:25:21.511807,0.9052305650779608,0.898522951438173,0.9271806896910912,,,
bank-marketing,LightGBM,classification,6,0.1595769000123255,16.05610002297908,2026-03-09T09:25:21.719806,0.9098650740986507,0.9040912642156544,0.9358272873274096,,,
bank-marketing,LightGBM,classification,7,0.16776939999544993,16.312899999320507,2026-03-09T09:25:21.940829,0.9049988940499889,0.8982749877066074,0.933445222202439,,,
bank-marketing,LightGBM,classification,8,0.24104029999580234,15.867099980823696,2026-03-09T09:25:22.238202,0.9064366290643663,0.9002669895758731,0.935055839467214,,,
bank-marketing,LightGBM,classification,9,0.17013510002288967,16.895200009457767,2026-03-09T09:25:22.466447,0.91152399911524,0.9045110659608939,0.9371855123290058,,,
bank-marketing,CatBoost,classification,0,0.6757534999924246,43.977599998470396,2026-03-09T09:25:23.258581,0.9086586309852925,0.900302445137186,0.93522140402669,,,
bank-marketing,CatBoost,classification,1,0.6578276999935042,50.67279998911545,2026-03-09T09:25:24.045119,0.9042247290422473,0.8952708117050029,0.9330675006175841,,,
bank-marketing,CatBoost,classification,2,0.6263861000188626,42.970100010279566,2026-03-09T09:25:24.787696,0.9053306790533068,0.8971978300314634,0.9284600628478129,,,
bank-marketing,CatBoost,classification,3,0.6569644999981392,42.639800027245656,2026-03-09T09:25:25.555804,0.9126299491262995,0.9032247959214713,0.9360317989476117,,,
bank-marketing,CatBoost,classification,4,0.7184856999956537,44.11670000990853,2026-03-09T09:25:26.377732,0.906989604069896,0.898626037065025,0.925034733929106,,,
bank-marketing,CatBoost,classification,5,0.7004287999880034,44.05749999568798,2026-03-09T09:25:27.202717,0.9062258100187991,0.8972919747922694,0.9256876965671692,,,
bank-marketing,CatBoost,classification,6,0.9688883000053465,164.49529997771606,2026-03-09T09:25:28.521097,0.9062154390621544,0.8976835334972645,0.9296714689143374,,,
bank-marketing,CatBoost,classification,7,2.320004000008339,178.04460000479594,2026-03-09T09:25:31.251894,0.9066578190665782,0.8974666025811802,0.9302197258410962,,,
bank-marketing,CatBoost,classification,8,2.141518399992492,151.61610001814552,2026-03-09T09:25:33.774112,0.906989604069896,0.8985099654619783,0.9338315099007088,,,
bank-marketing,CatBoost,classification,9,2.103927999996813,158.66970000206493,2026-03-09T09:25:36.229128,0.9106392391063924,0.9004766609012065,0.9364015128555788,,,
phoneme,RandomForest,classification,0,0.7161100000084843,69.46820000302978,2026-03-09T09:25:39.144493,0.902867715078631,0.9032597380158379,0.962617883627595,,,
phoneme,RandomForest,classification,1,0.8076363000145648,81.44429998355918,2026-03-09T09:25:40.139206,0.906567992599445,0.9053011615440597,0.960518275059045,,,
phoneme,RandomForest,classification,2,0.8841191999963485,83.22020000196062,2026-03-09T09:25:41.210929,0.902867715078631,0.9027319797734651,0.9598390506548632,,,
phoneme,RandomForest,classification,3,0.8494139999966137,99.36620001099072,2026-03-09T09:25:42.262366,0.906567992599445,0.9065250174123397,0.9567826438174369,,,
phoneme,RandomForest,classification,4,0.8834650999924634,76.89150000805967,2026-03-09T09:25:43.333387,0.9157407407407407,0.9150441199063041,0.962823157798992,,,
phoneme,RandomForest,classification,5,0.9034419000090566,97.32549998443574,2026-03-09T09:25:44.453465,0.9047178538390379,0.9042171936864103,0.9542359654483293,,,
phoneme,RandomForest,classification,6,0.9125954000046477,85.94029999221675,2026-03-09T09:25:45.572522,0.9121184088806661,0.9117429595118137,0.9672238096024576,,,
phoneme,RandomForest,classification,7,0.9674644999904558,94.49329998460598,2026-03-09T09:25:46.748773,0.8991674375578168,0.8993056973032145,0.9541616430211242,,,
phoneme,RandomForest,classification,8,0.8682807000004686,97.6125999877695,2026-03-09T09:25:47.817193,0.9269195189639223,0.9265379218861064,0.970766669139527,,,
phoneme,RandomForest,classification,9,0.722875200008275,67.9039999959059,2026-03-09T09:25:48.704110,0.9074074074074074,0.9072344987377667,0.9656903886782624,,,
phoneme,GradientBoosting,classification,0,7.45312359998934,13.858499994967133,2026-03-09T09:25:56.210051,0.8945420906567992,0.8951937103609988,0.954262804102598,,,
phoneme,GradientBoosting,classification,1,8.819927100004861,13.703899981919676,2026-03-09T09:26:05.080609,0.8908418131359852,0.8899943486337796,0.9488744281302128,,,
phoneme,GradientBoosting,classification,2,7.480689599993639,15.622699982486665,2026-03-09T09:26:12.612993,0.8963922294172063,0.8960999105966256,0.9513022940855864,,,
phoneme,GradientBoosting,classification,3,8.882845099986298,14.513599977362901,2026-03-09T09:26:21.546836,0.9000925069380203,0.8996197434705766,0.9515339977084828,,,
phoneme,GradientBoosting,classification,4,9.16064620000543,14.240699994843453,2026-03-09T09:26:30.751413,0.9055555555555556,0.9049185402411208,0.9500642904688864,,,
phoneme,GradientBoosting,classification,5,8.518861699994886,15.919700002996251,2026-03-09T09:26:39.324582,0.8899167437557817,0.8893383111522604,0.9484078484483129,,,
phoneme,GradientBoosting,classification,6,9.139961000008043,13.645900005940348,2026-03-09T09:26:48.515129,0.9056429232192414,0.9052857241549507,0.9567608634614433,,,
phoneme,GradientBoosting,classification,7,9.13650689998758,12.524999998277053,2026-03-09T09:26:57.698496,0.8862164662349676,0.8860574620203447,0.9450344360579385,,,
phoneme,GradientBoosting,classification,8,9.133156100026099,15.883000014582649,2026-03-09T09:27:06.882030,0.9084181313598519,0.908117625340837,0.9594079972303964,,,
phoneme,GradientBoosting,classification,9,8.703855600004317,14.368200005264953,2026-03-09T09:27:15.627534,0.9,0.8995242387820512,0.9529005130834205,,,
phoneme,SVM,classification,0,4.643592600012198,555.6250999798067,2026-03-09T09:27:21.345780,0.8418131359851989,0.8431186013838923,0.9157348836441112,,,
phoneme,SVM,classification,1,4.675643599999603,435.5926999996882,2026-03-09T09:27:26.951021,0.84736355226642,0.846100528553473,0.9120456009381143,,,
phoneme,SVM,classification,2,4.840762899984838,416.431299992837,2026-03-09T09:27:32.610855,0.8288621646623496,0.8287829486725585,0.9073199332749765,,,
phoneme,SVM,classification,3,4.508384899992961,393.28930000192486,2026-03-09T09:27:37.919320,0.8501387604070305,0.8498604130231585,0.9019098724828343,,,
phoneme,SVM,classification,4,4.523158900003182,391.6462999768555,2026-03-09T09:27:43.238170,0.8546296296296296,0.8529727767472092,0.9142848873986548,,,
phoneme,SVM,classification,5,4.280686299985973,410.40500000235625,2026-03-09T09:27:48.334813,0.8344125809435707,0.8343359341210161,0.8980936297421839,,,
phoneme,SVM,classification,6,4.345990700006951,394.2034999781754,2026-03-09T09:27:53.482132,0.849213691026827,0.8488602820722855,0.9113787636051331,,,
phoneme,SVM,classification,7,4.255696500011254,390.9025000175461,2026-03-09T09:27:58.562710,0.8297872340425532,0.8297872340425532,0.8981844682643236,,,
phoneme,SVM,classification,8,5.129245299991453,442.27209998643957,2026-03-09T09:28:04.596529,0.8538390379278445,0.8541037265951976,0.9227931782025602,,,
phoneme,SVM,classification,9,4.316350899985991,432.9332000052091,2026-03-09T09:28:09.801860,0.8462962962962963,0.8462962962962963,0.9171087067072945,,,
phoneme,KNN,classification,0,0.011004500003764406,43.190799973672256,2026-03-09T09:28:09.917123,0.8769657724329325,0.8766774080712513,0.9195005532891802,,,
phoneme,KNN,classification,1,0.010278300003847107,41.587699990486726,2026-03-09T09:28:10.022666,0.8723404255319149,0.8702568090000055,0.9236522866533436,,,
phoneme,KNN,classification,2,0.010186200001044199,41.99600001447834,2026-03-09T09:28:10.127477,0.8630897317298798,0.8620268101508421,0.9187387484103258,,,
phoneme,KNN,classification,3,0.010214899986749515,44.60550000658259,2026-03-09T09:28:10.244743,0.8880666049953746,0.8869152759572518,0.9329360271025495,,,
phoneme,KNN,classification,4,0.013602299994090572,45.96360001596622,2026-03-09T09:28:10.362891,0.8870370370370371,0.8848081809645688,0.937927655651153,,,
phoneme,KNN,classification,5,0.010137799981748685,42.96160000376403,2026-03-09T09:28:10.474050,0.8769657724329325,0.8751628090340081,0.9305704659190381,,,
phoneme,KNN,classification,6,0.010349899996072054,41.7027999938,2026-03-09T09:28:10.580743,0.8714153561517114,0.870351354357168,0.9281591160585991,,,
phoneme,KNN,classification,7,0.01057730001048185,42.85540001001209,2026-03-09T09:28:10.690336,0.879740980573543,0.8788073332406047,0.924705187705419,,,
phoneme,KNN,classification,8,0.010222500015515834,41.453200014075264,2026-03-09T09:28:10.797036,0.8788159111933395,0.876917587531677,0.9347123651260747,,,
phoneme,KNN,classification,9,0.013266099995234981,44.06300000846386,2026-03-09T09:28:10.908499,0.8805555555555555,0.879320315569236,0.9343120919829165,,,
phoneme,MLP,classification,0,28.74849189998349,3.542799997376278,2026-03-09T09:28:39.684002,0.8741905642923219,0.8770579750072983,0.9468924967380713,,,
phoneme,MLP,classification,1,25.369048299995484,3.097600012551993,2026-03-09T09:29:05.073098,0.8667900092506938,0.8612542097240924,0.930648917369977,,,
phoneme,MLP,classification,2,17.976576999993995,3.288499981863424,2026-03-09T09:29:23.071120,0.8649398704902868,0.8646874268813147,0.9346499413678631,,,
phoneme,MLP,classification,3,28.6268098000146,3.5644000163301826,2026-03-09T09:29:51.718966,0.8908418131359852,0.8885728887345243,0.9412736879415087,,,
phoneme,MLP,classification,4,21.286422699980903,3.5426999966148287,2026-03-09T09:30:13.026457,0.8777777777777778,0.8768297102209686,0.9390170793522167,,,
phoneme,MLP,classification,5,22.21515360000194,3.3719000057317317,2026-03-09T09:30:35.265042,0.8630897317298798,0.8620268101508421,0.9327877516639966,,,
phoneme,MLP,classification,6,24.52785280000535,3.042900003492832,2026-03-09T09:30:59.815153,0.8603145235892692,0.8601193232932687,0.9323211719820965,,,
phoneme,MLP,classification,7,17.303404000005685,3.142200002912432,2026-03-09T09:31:17.137321,0.8704902867715079,0.8709563858378082,0.9307645300345186,,,
phoneme,MLP,classification,8,29.49674249999225,3.4001000167336315,2026-03-09T09:31:46.659936,0.8788159111933395,0.8775694309950411,0.9476907605694174,,,
phoneme,MLP,classification,9,22.10684520000359,3.2534000056330115,2026-03-09T09:32:08.790457,0.8842592592592593,0.8835366357684633,0.9448052887696334,,,
phoneme,LightGBM,classification,0,0.16209490000619553,11.149300000397488,2026-03-09T09:32:09.012454,0.8917668825161887,0.8923898657175023,0.9549564800898476,,,
phoneme,LightGBM,classification,1,0.16803579998668283,11.111300002085045,2026-03-09T09:32:09.219438,0.8871415356151712,0.8867142975186663,0.947829785125605,,,
phoneme,LightGBM,classification,2,0.16708399998606183,10.91789998463355,2026-03-09T09:32:09.423443,0.8908418131359852,0.8903220187456174,0.949361652930781,,,
phoneme,LightGBM,classification,3,0.16639070000383072,10.970700008329004,2026-03-09T09:32:09.627438,0.8908418131359852,0.8906390662761278,0.9470395740085892,,,
phoneme,LightGBM,classification,4,0.16990089998580515,11.317199998302385,2026-03-09T09:32:09.839285,0.9074074074074074,0.9065943172160787,0.9546328414733474,,,
phoneme,LightGBM,classification,5,0.1696364999806974,11.219000007258728,2026-03-09T09:32:10.052290,0.8936170212765957,0.8931625299353534,0.9433208912084827,,,
phoneme,LightGBM,classification,6,0.16322390001732856,11.35210000211373,2026-03-09T09:32:10.254669,0.8852913968547641,0.884857154855038,0.9538499017292351,,,
phoneme,LightGBM,classification,7,0.15793180000036955,11.118900001747534,2026-03-09T09:32:10.450656,0.8862164662349676,0.8862688023539176,0.9487794605843395,,,
phoneme,LightGBM,classification,8,0.16713349998462945,11.171999998623505,2026-03-09T09:32:10.655663,0.902867715078631,0.902641489570021,0.9584270959552248,,,
phoneme,LightGBM,classification,9,0.16432609999901615,11.2807999830693,2026-03-09T09:32:10.857654,0.8962962962962963,0.8962962962962963,0.9563362288161872,,,
phoneme,CatBoost,classification,0,0.8262995000113733,13.403400022070855,2026-03-09T09:32:11.741667,0.8658649398704903,0.8662886860359256,0.9400919946487852,,,
phoneme,CatBoost,classification,1,0.8655044999904931,15.964999998686835,2026-03-09T09:32:12.654580,0.8769657724329325,0.8764401433165392,0.9356615521826019,,,
phoneme,CatBoost,classification,2,0.863546899985522,10.436599986860529,2026-03-09T09:32:13.553368,0.876040703052729,0.8756909644638199,0.9370571622045683,,,
phoneme,CatBoost,classification,3,0.8300976000027731,7.919900002889335,2026-03-09T09:32:14.415731,0.8825161887141536,0.8829873414641096,0.9408656659825085,,,
phoneme,CatBoost,classification,4,0.8685521000006702,15.5345999810379,2026-03-09T09:32:15.332909,0.8870370370370371,0.8858093653769289,0.9425065427438593,,,
phoneme,CatBoost,classification,5,0.819140299980063,9.476499981246889,2026-03-09T09:32:16.189928,0.8640148011100832,0.8630281393416223,0.9271619568269279,,,
phoneme,CatBoost,classification,6,0.8184911999851465,10.474000009708107,2026-03-09T09:32:17.041832,0.876040703052729,0.8752038831471836,0.945017919963004,,,
phoneme,CatBoost,classification,7,0.8522511000046507,11.238900013267994,2026-03-09T09:32:17.928357,0.876040703052729,0.8752038831471836,0.9327423324029267,,,
phoneme,CatBoost,classification,8,0.8314626999781467,10.298400011379272,2026-03-09T09:32:18.793277,0.8963922294172063,0.8960024709897655,0.9501059208519829,,,
phoneme,CatBoost,classification,9,0.7979768999794032,9.798299986869097,2026-03-09T09:32:19.625108,0.8851851851851852,0.8851851851851852,0.9440362838041766,,,
spambase,RandomForest,classification,0,0.7504925999965053,97.85640001064166,2026-03-09T09:32:21.693371,0.9424538545059717,0.9421956731504326,0.9832612537891131,,,
spambase,RandomForest,classification,1,0.7291781000094488,88.71420001378283,2026-03-09T09:32:22.635823,0.9554347826086956,0.9552855388145867,0.9914635171694091,,,
spambase,RandomForest,classification,2,0.798638000007486,90.42819999740459,2026-03-09T09:32:23.644514,0.9456521739130435,0.9455988492208239,0.9815817716911239,,,
spambase,RandomForest,classification,3,0.7734184000000823,86.39439998660237,2026-03-09T09:32:24.632335,0.9532608695652174,0.9530222600762605,0.9838610665557733,,,
spambase,RandomForest,classification,4,0.7709598999936134,85.33239999087527,2026-03-09T09:32:25.598755,0.9434782608695652,0.9430689810680546,0.9810639814649795,,,
spambase,RandomForest,classification,5,0.7765837000042666,84.64349998394027,2026-03-09T09:32:26.580281,0.9489685124864278,0.9487970925051902,0.9870306189954283,,,
spambase,RandomForest,classification,6,0.767105899984017,89.37820000573993,2026-03-09T09:32:27.560705,0.9445652173913044,0.944252425760126,0.9862605160467084,,,
spambase,RandomForest,classification,7,0.7457155000010971,96.16260000620969,2026-03-09T09:32:28.522845,0.9456521739130435,0.9454850671444731,0.9809017216394399,,,
spambase,RandomForest,classification,8,0.756070000003092,84.02439998462796,2026-03-09T09:32:29.481345,0.95,0.9497594316291198,0.988757203112933,,,
spambase,RandomForest,classification,9,0.74479229998542,86.81350000551902,2026-03-09T09:32:30.436960,0.9445652173913044,0.944377584727386,0.9838759183350165,,,
spambase,GradientBoosting,classification,0,10.8834588000027,9.396799985552207,2026-03-09T09:32:41.374083,0.9500542888165038,0.9500051238158831,0.9863616615816029,,,
spambase,GradientBoosting,classification,1,10.99745019999682,6.866399984573945,2026-03-09T09:32:52.410074,0.9586956521739131,0.9586127969635011,0.9904446785465227,,,
spambase,GradientBoosting,classification,2,4.589816899999278,3.1026999931782484,2026-03-09T09:32:57.019490,0.9554347826086956,0.9554240323784295,0.9844058340875708,,,
spambase,GradientBoosting,classification,3,3.5015535000129603,3.63000002107583,2026-03-09T09:33:00.536891,0.9478260869565217,0.9477475925466579,0.9860962593318678,,,
spambase,GradientBoosting,classification,4,3.50429750001058,3.0365999846253544,2026-03-09T09:33:04.054461,0.9402173913043478,0.9398402491557304,0.9827818372641043,,,
spambase,GradientBoosting,classification,5,3.3051637000171468,3.1627999851480126,2026-03-09T09:33:07.372956,0.9543973941368078,0.954329315380283,0.9913405807833959,,,
spambase,GradientBoosting,classification,6,3.287072800012538,3.0046000028960407,2026-03-09T09:33:10.673395,0.9521739130434783,0.9520779754314224,0.9908749647610428,,,
spambase,GradientBoosting,classification,7,2.9600300999882165,2.2603000106755644,2026-03-09T09:33:13.643843,0.941304347826087,0.9411238725160309,0.9817870231612682,,,
spambase,GradientBoosting,classification,8,2.3188248999940697,2.2523000079672784,2026-03-09T09:33:15.973234,0.9586956521739131,0.9585672858048623,0.9871136062100239,,,
spambase,GradientBoosting,classification,9,2.3625558000057936,2.1782999974675477,2026-03-09T09:33:18.345352,0.9489130434782609,0.9489253669129561,0.987702726786669,,,
spambase,SVM,classification,0,0.8810376999899745,62.74490000214428,2026-03-09T09:33:19.360151,0.9250814332247557,0.9247879604564948,0.9708719650068623,,,
spambase,SVM,classification,1,0.9004924999899231,65.3642000106629,2026-03-09T09:33:20.397280,0.9326086956521739,0.9325084109730849,0.9760226716322686,,,
spambase,SVM,classification,2,0.8606837000115775,63.74739998136647,2026-03-09T09:33:21.391279,0.9391304347826087,0.9389432752018099,0.9726842441058208,,,
spambase,SVM,classification,3,0.8939016000076663,64.22989998827688,2026-03-09T09:33:22.419276,0.9326086956521739,0.9323234756221936,0.9761282401631715,,,
spambase,SVM,classification,4,0.8587601000035647,64.48490000911988,2026-03-09T09:33:23.414279,0.9315217391304348,0.9309602479398672,0.9736529436226461,,,
spambase,SVM,classification,5,0.9024753000121564,67.43209998239763,2026-03-09T09:33:24.455597,0.9391965255157437,0.9389753972389951,0.9808298034104487,,,
spambase,SVM,classification,6,0.9229153000051156,65.01809999463148,2026-03-09T09:33:25.514745,0.9358695652173913,0.9356547997575759,0.9763540414756344,,,
spambase,SVM,classification,7,0.8994619000004604,64.20419999631122,2026-03-09T09:33:26.549282,0.9260869565217391,0.9255571537539501,0.9673798537026871,,,
spambase,SVM,classification,8,1.532361999998102,175.78400002093986,2026-03-09T09:33:28.403508,0.941304347826087,0.9409872898457942,0.9772173706410028,,,
spambase,SVM,classification,9,1.6927961999899708,137.10320001700893,2026-03-09T09:33:30.377655,0.9228260869565217,0.922689890537989,0.970761797263312,,,
spambase,KNN,classification,0,0.0013538000057451427,26.521899999352172,2026-03-09T09:33:30.437570,0.9044516829533116,0.9043576281695151,0.9411712432240292,,,
spambase,KNN,classification,1,0.00105489999987185,10.865899996133521,2026-03-09T09:33:30.468569,0.9065217391304348,0.9063342247068711,0.9612173637797924,,,
spambase,KNN,classification,2,0.0009603000071365386,11.211800010642037,2026-03-09T09:33:30.500570,0.9097826086956522,0.9096713464056049,0.9554084998837734,,,
spambase,KNN,classification,3,0.000985999999102205,10.897600004682317,2026-03-09T09:33:30.532570,0.9228260869565217,0.9225648728557727,0.9546946474187608,,,
spambase,KNN,classification,4,0.0008500000112690032,9.848499990766868,2026-03-09T09:33:30.571584,0.8989130434782608,0.8985140553299351,0.9420830115447831,,,
spambase,KNN,classification,5,0.0011625000042840838,10.120999999344349,2026-03-09T09:33:30.604657,0.9022801302931596,0.9014531545046583,0.9577594123048668,,,
spambase,KNN,classification,6,0.0010113000171259046,13.28259997535497,2026-03-09T09:33:30.642570,0.9043478260869565,0.9043014196579011,0.9534919951926644,,,
spambase,KNN,classification,7,0.0009586999949533492,21.454400004586205,2026-03-09T09:33:30.696573,0.9097826086956522,0.9096713464056049,0.9531927731699235,,,
spambase,KNN,classification,8,0.002537699998356402,23.412000009557232,2026-03-09T09:33:30.758571,0.9228260869565217,0.922386106120853,0.9595734569001365,,,
spambase,KNN,classification,9,0.0012319999805185944,11.707800003932789,2026-03-09T09:33:30.792591,0.9032608695652173,0.9029867425963006,0.9405532782827384,,,
spambase,MLP,classification,0,2.6534532999794465,1.1781000066548586,2026-03-09T09:33:33.457528,0.9402823018458197,0.940296593928205,0.9759175331022839,,,
spambase,MLP,classification,1,2.9986496999918018,1.2670999858528376,2026-03-09T09:33:36.467728,0.9489130434782609,0.9489725950071805,0.9838172816792043,,,
spambase,MLP,classification,2,2.734950799989747,0.9798000101000071,2026-03-09T09:33:39.210713,0.9478260869565217,0.9479442344045369,0.9770019437066932,,,
spambase,MLP,classification,3,2.6547146999801043,1.0557000059634447,2026-03-09T09:33:41.875298,0.9445652173913044,0.9444673861610906,0.9836679934256123,,,
spambase,MLP,classification,4,3.074061299994355,1.6820000018924475,2026-03-09T09:33:44.959336,0.9402173913043478,0.9397655723138781,0.9775639121566763,,,
spambase,MLP,classification,5,3.6291017000039574,1.2617000029422343,2026-03-09T09:33:48.599231,0.9565689467969598,0.9565261946225069,0.9848879804891535,,,
spambase,MLP,classification,6,3.59748359999503,1.1818999773822725,2026-03-09T09:33:52.205703,0.9510869565217391,0.9511439739430452,0.9858252840136307,,,
spambase,MLP,classification,7,2.675672899989877,1.1786000104621053,2026-03-09T09:33:54.891032,0.9293478260869565,0.9292606929682448,0.9724839384542339,,,
spambase,MLP,classification,8,2.7617629000160377,1.0437000019010156,2026-03-09T09:33:57.662122,0.9478260869565217,0.9476348974957864,0.9790094853363432,,,
spambase,MLP,classification,9,3.6456751999794506,0.9865000029094517,2026-03-09T09:34:01.316891,0.9260869565217391,0.9262563056021447,0.9716677557971445,,,
spambase,XGBoost,classification,0,0.1945590999966953,1.6488000110257417,2026-03-09T09:34:01.524062,0.9467969598262758,0.9467311341131857,0.9863172289858507,,,
spambase,XGBoost,classification,1,0.19361009998829104,1.4942999987397343,2026-03-09T09:34:01.729295,0.9630434782608696,0.9629884834368531,0.9916564040931594,,,
spambase,XGBoost,classification,2,0.19021360002807342,1.4613000093959272,2026-03-09T09:34:01.931295,0.9576086956521739,0.9576770812787908,0.9836837445781464,,,
spambase,XGBoost,classification,3,0.19661189999897033,1.5343999839387834,2026-03-09T09:34:02.140133,0.9543478260869566,0.9543025362318841,0.9879156022891543,,,
spambase,XGBoost,classification,4,0.1855869999853894,1.553200010675937,2026-03-09T09:34:02.337134,0.9456521739130435,0.9453586017090687,0.9834204637715599,,,
spambase,XGBoost,classification,5,0.1910146000154782,1.4952000055927783,2026-03-09T09:34:02.541133,0.9565689467969598,0.9565689467969598,0.9923625304856977,,,
spambase,XGBoost,classification,6,0.18680279998807237,1.5271000156644732,2026-03-09T09:34:02.739239,0.9532608695652174,0.9532495949334749,0.9912162262415241,,,
spambase,XGBoost,classification,7,0.18984029997955076,1.4615000109188259,2026-03-09T09:34:02.940239,0.9489130434782609,0.9488238630353247,0.9827514577800198,,,
spambase,XGBoost,classification,8,0.19667090001166798,1.4745999942533672,2026-03-09T09:34:03.148422,0.9565217391304348,0.9564103346180545,0.9904750589120577,,,
spambase,XGBoost,classification,9,0.1894148999999743,1.5042000159155577,2026-03-09T09:34:03.349423,0.9478260869565217,0.9478755839093655,0.9847719756826867,,,
spambase,LightGBM,classification,0,0.15804939999361522,3.2170999911613762,2026-03-09T09:34:03.525485,0.9457111834961998,0.9456019374712563,0.987590963397415,,,
spambase,LightGBM,classification,1,0.19299489998957142,4.258800006937236,2026-03-09T09:34:03.734533,0.9608695652173913,0.9608113354037265,0.9923587103283529,,,
spambase,LightGBM,classification,2,0.1500215000123717,3.189699986251071,2026-03-09T09:34:03.899507,0.9576086956521739,0.9576581107506391,0.9850685737743025,,,
spambase,LightGBM,classification,3,0.14246870001079515,3.221500024665147,2026-03-09T09:34:04.059422,0.9521739130434783,0.9520769277978558,0.9889403750569318,,,
spambase,LightGBM,classification,4,0.15267060001497157,3.1839000002946705,2026-03-09T09:34:04.226939,0.9478260869565217,0.9476348974957864,0.9854601081209529,,,
spambase,LightGBM,classification,5,0.15744780001114123,3.4580999927129596,2026-03-09T09:34:04.400037,0.9565689467969598,0.9565689467969598,0.9926834325661305,,,
spambase,LightGBM,classification,6,0.18418440001551062,3.261300007579848,2026-03-09T09:34:04.599254,0.9554347826086956,0.955445412376139,0.9914684629879669,,,
spambase,LightGBM,classification,7,0.16356919999816455,3.7329000188037753,2026-03-09T09:34:04.777257,0.95,0.9498732579176523,0.9819205602623262,,,
spambase,LightGBM,classification,8,0.19635749998269603,3.273299982538447,2026-03-09T09:34:04.988254,0.9597826086956521,0.9597116330972619,0.9899205924869799,,,
spambase,LightGBM,classification,9,0.14617220000945963,3.2313000119756907,2026-03-09T09:34:05.149270,0.9456521739130435,0.9457286351270866,0.9865616150814867,,,
spambase,CatBoost,classification,0,0.9778810000279918,14.683500019600615,2026-03-09T09:34:06.185798,0.9467969598262758,0.9467311341131857,0.9872873406597747,,,
spambase,CatBoost,classification,1,0.9193766000098549,15.001800027675927,2026-03-09T09:34:07.146521,0.9619565217391305,0.9618702000654126,0.9924675183366223,,,
spambase,CatBoost,classification,2,0.9441967000020668,19.619000027887523,2026-03-09T09:34:08.134477,0.9554347826086956,0.9554867318147746,0.9831199212625686,,,
spambase,CatBoost,classification,3,0.8904163000115659,15.175600012298673,2026-03-09T09:34:09.061798,0.9554347826086956,0.9553792142475956,0.988777005485257,,,
spambase,CatBoost,classification,4,0.9236187000060454,17.37460002186708,2026-03-09T09:34:10.024662,0.9456521739130435,0.9454221577598337,0.9841779045129607,,,
spambase,CatBoost,classification,5,0.9141064000141341,14.916499989340082,2026-03-09T09:34:10.982387,0.9565689467969598,0.9565041098859839,0.991518311166405,,,
spambase,CatBoost,classification,6,0.9583066000195686,14.966299990192056,2026-03-09T09:34:11.983046,0.9521739130434783,0.9520526814864503,0.9887680460554624,,,
spambase,CatBoost,classification,7,0.929369499994209,14.99240001430735,2026-03-09T09:34:12.948701,0.95,0.9498997015873961,0.9816188653303065,,,
spambase,CatBoost,classification,8,0.9248133999935817,17.488400015281513,2026-03-09T09:34:13.929783,0.9597826086956521,0.959690361812101,0.9891978058971465,,,
spambase,CatBoost,classification,9,0.8969417000189424,17.301800020504743,2026-03-09T09:34:14.875884,0.9478260869565217,0.9478004911042563,0.9862398265312183,,,
spambase,TRA_Hard,classification,0,2.623023300024215,157.32610001577996,2026-03-09T09:34:17.790655,0.9207383279044516,0.9205579163997656,0.9686725515171263,,,
spambase,TRA_Hard,classification,1,2.0645760000043083,88.10839999932796,2026-03-09T09:34:20.059123,0.8782608695652174,0.8793740140089606,0.9477746289399628,,,
spambase,TRA_Hard,classification,2,2.0761123999836855,156.5208999963943,2026-03-09T09:34:22.453851,0.9,0.9009143686502177,0.9670954691356193,,,
spambase,TRA_Hard,classification,3,4.307149700005539,122.3009999957867,2026-03-09T09:34:26.982515,0.9163043478260869,0.9167122312659153,0.9711627953028772,,,
spambase,TRA_Hard,classification,4,3.8588069999823347,237.62190001434647,2026-03-09T09:34:31.310793,0.8554347826086957,0.855917176600647,0.9024213350759421,,,
spambase,TRA_Hard,classification,5,3.583751800004393,196.4692999899853,2026-03-09T09:34:35.303358,0.9022801302931596,0.9031365801869897,0.9736490022413777,,,
spambase,TRA_Hard,classification,6,2.2632278999953996,221.18749999208376,2026-03-09T09:34:37.895153,0.8902173913043478,0.8907457768449831,0.9592538738123852,,,
spambase,TRA_Hard,classification,7,1.969151299999794,172.412699990673,2026-03-09T09:34:40.167938,0.8576086956521739,0.8591492100213483,0.9613311176066195,,,
spambase,TRA_Hard,classification,8,2.144100699981209,296.62889998871833,2026-03-09T09:34:42.710443,0.8815217391304347,0.8828680588041943,0.9703236697756392,,,
spambase,TRA_Hard,classification,9,3.229205200012075,336.70890002395026,2026-03-09T09:34:46.529148,0.8684782608695653,0.8652616149844008,0.9399839600784174,,,
spambase,TRA_Soft,classification,0,2.1223808999930043,177.98919999040663,2026-03-09T09:34:48.970521,0.9218241042345277,0.9216253230315755,0.9833599928907848,,,
spambase,TRA_Soft,classification,1,2.1127915999968536,167.46949998196214,2026-03-09T09:34:51.404019,0.8782608695652174,0.8793740140089606,0.970285522105336,,,
spambase,TRA_Soft,classification,2,2.3307732999965083,184.5418000011705,2026-03-09T09:34:54.113563,0.9,0.9009143686502177,0.9784510685440996,,,
spambase,TRA_Soft,classification,3,4.113198800012469,140.1239999977406,2026-03-09T09:34:58.540733,0.9163043478260869,0.9167122312659153,0.982653121843997,,,
spambase,TRA_Soft,classification,4,4.095382500003325,312.58170001092367,2026-03-09T09:35:03.186759,0.9010869565217391,0.901903026150812,0.9771629141171113,,,
spambase,TRA_Soft,classification,5,4.249212299997453,346.45460001775064,2026-03-09T09:35:08.008196,0.9022801302931596,0.9031365801869897,0.9765938959487347,,,
spambase,TRA_Soft,classification,6,2.142740600014804,137.98299999325536,2026-03-09T09:35:10.431191,0.8880434782608696,0.8887335184085924,0.9749494290052476,,,
spambase,TRA_Soft,classification,7,1.7615453000180423,195.84320002468303,2026-03-09T09:35:12.554936,0.9130434782608695,0.913414265905458,0.9707726852332696,,,
spambase,TRA_Soft,classification,8,1.9521234999992885,162.57290000794455,2026-03-09T09:35:14.876641,0.8891304347826087,0.8903457357859532,0.9856185270995464,,,
spambase,TRA_Soft,classification,9,2.887026700016577,290.9343999926932,2026-03-09T09:35:18.298648,0.8858695652173914,0.8836720385607867,0.9646527654012951,,,
eeg-eye-state,RandomForest,classification,0,0.5126137999759521,26.608800020767376,2026-03-09T09:35:18.898821,0.9202269692923899,0.9199421358307728,0.9771471088435374,,,
eeg-eye-state,RandomForest,classification,1,0.48282979999203235,41.15189998992719,2026-03-09T09:35:19.458008,0.9122162883845126,0.9118449170728342,0.97631793713248,,,
eeg-eye-state,RandomForest,classification,2,0.5140200000023469,39.942000003065914,2026-03-09T09:35:20.060984,0.9115487316421896,0.9110836004462322,0.974136661570435,,,
eeg-eye-state,RandomForest,classification,3,0.5509879000019282,65.52469998132437,2026-03-09T09:35:20.738972,0.9052069425901201,0.9047810794445851,0.9698914029798319,,,
eeg-eye-state,RandomForest,classification,4,0.42161839999607764,37.86660000332631,2026-03-09T09:35:21.271039,0.9168891855807744,0.9165761236229528,0.9763725487988579,,,
eeg-eye-state,RandomForest,classification,5,0.5085401000105776,51.72319998382591,2026-03-09T09:35:21.867971,0.9118825100133512,0.911299770159258,0.9757081063357546,,,
eeg-eye-state,RandomForest,classification,6,0.517672499991022,37.19699999783188,2026-03-09T09:35:22.502693,0.9085447263017357,0.9080219844984959,0.9721662234809179,,,
eeg-eye-state,RandomForest,classification,7,0.4269360000034794,36.69139998964965,2026-03-09T09:35:23.007477,0.9115487316421896,0.9112059085001762,0.9741400390435897,,,
eeg-eye-state,RandomForest,classification,8,0.44520630000624806,38.23110001394525,2026-03-09T09:35:23.527138,0.9182242990654206,0.9179681405216815,0.9768296334991297,,,
eeg-eye-state,RandomForest,classification,9,0.4497358000080567,48.36119999527,2026-03-09T09:35:24.088311,0.9132176234979973,0.9129413070880406,0.9739637349449135,,,
eeg-eye-state,GradientBoosting,classification,0,8.001487900008215,12.380800006212667,2026-03-09T09:35:32.139688,0.9289052069425902,0.9288149074351811,0.9799805250490026,,,
eeg-eye-state,GradientBoosting,classification,1,8.626773299998604,18.470300012268126,2026-03-09T09:35:40.815755,0.927570093457944,0.9274466090544587,0.9799868305372997,,,
eeg-eye-state,GradientBoosting,classification,2,8.596800500003155,9.819300001254305,2026-03-09T09:35:49.440743,0.9195594125500668,0.9194510505718344,0.9785507938187739,,,
eeg-eye-state,GradientBoosting,classification,3,6.394134499976644,7.3281000077258795,2026-03-09T09:35:55.856589,0.9125500667556742,0.912349638190527,0.9732522139336529,,,
eeg-eye-state,GradientBoosting,classification,4,4.563407200010261,7.4859999876935035,2026-03-09T09:36:00.440446,0.9235647530040053,0.9234419557458375,0.9796086184108312,,,
eeg-eye-state,GradientBoosting,classification,5,4.556754299992463,8.67770001059398,2026-03-09T09:36:05.021659,0.927570093457944,0.9273641261836185,0.9797859556958377,,,
eeg-eye-state,GradientBoosting,classification,6,6.425038699992001,14.594399981433526,2026-03-09T09:36:11.479770,0.9152202937249666,0.9150565837258674,0.9752455537299667,,,
eeg-eye-state,GradientBoosting,classification,7,8.372249400010332,20.96300001721829,2026-03-09T09:36:19.901863,0.9259012016021362,0.9257171710014824,0.9797293067848932,,,
eeg-eye-state,GradientBoosting,classification,8,8.67481329999282,9.859200014034286,2026-03-09T09:36:28.610766,0.9295727636849133,0.9294533966336975,0.9814270499573312,,,
eeg-eye-state,GradientBoosting,classification,9,8.912780300015584,14.107599999988452,2026-03-09T09:36:37.573642,0.920894526034713,0.9208692619478721,0.9778960143565125,,,
eeg-eye-state,SVM,classification,0,37.69137350001256,2762.8897999820765,2026-03-09T09:37:20.461256,0.7600133511348465,0.752221053917376,0.8439517756255044,,,
eeg-eye-state,SVM,classification,1,42.000201999995625,3008.455300005153,2026-03-09T09:38:08.176905,0.6338451268357811,0.5880642492039578,0.7002145667589069,,,
eeg-eye-state,SVM,classification,2,39.69677059998503,2791.1701000120956,2026-03-09T09:38:53.402072,0.6381842456608812,0.5942170920533585,0.6944940432631794,,,
eeg-eye-state,SVM,classification,3,24.7741921999841,1396.7994000122417,2026-03-09T09:39:20.958227,0.7413217623497997,0.7335611918617305,0.8254474589017807,,,
eeg-eye-state,SVM,classification,4,20.788166500016814,1596.7456999933347,2026-03-09T09:39:44.887264,0.6251668891855807,0.5788521465489375,0.6996327560856437,,,
eeg-eye-state,SVM,classification,5,20.597273599996697,1593.6782000062522,2026-03-09T09:40:08.619043,0.6291722296395194,0.5814775826452466,0.6935825442465122,,,
eeg-eye-state,SVM,classification,6,19.249607799982186,1497.5728999997955,2026-03-09T09:40:30.797197,0.7032710280373832,0.6960149500222313,0.7738838384930243,,,
eeg-eye-state,SVM,classification,7,17.881684599997243,1333.3420999988448,2026-03-09T09:40:51.305112,0.7553404539385847,0.7478737972344603,0.8348591255947168,,,
eeg-eye-state,SVM,classification,8,19.521970599977067,1467.2028000059072,2026-03-09T09:41:13.734721,0.6935914552736983,0.6673590129917866,0.7683508248915268,,,
eeg-eye-state,SVM,classification,9,20.53027989997645,1591.8251000111923,2026-03-09T09:41:37.421424,0.6348464619492656,0.5915250503070357,0.7001709001416286,,,
eeg-eye-state,KNN,classification,0,0.011851499992189929,91.95249999174848,2026-03-09T09:41:37.611214,0.9152202937249666,0.9151836058547572,0.9681012102934394,,,
eeg-eye-state,KNN,classification,1,0.012571100000059232,88.5683000087738,2026-03-09T09:41:37.806049,0.8391188251001335,0.83899982091683,0.9136197646431454,,,
eeg-eye-state,KNN,classification,2,0.012131800001952797,88.59870000742376,2026-03-09T09:41:37.999635,0.8354472630173565,0.8353703663989624,0.9076873540650141,,,
eeg-eye-state,KNN,classification,3,0.012840400013374165,98.97569997701794,2026-03-09T09:41:38.216176,0.9228971962616822,0.9228189987007885,0.9738083711797965,,,
eeg-eye-state,KNN,classification,4,0.01276710000820458,77.72370000020601,2026-03-09T09:41:38.379487,0.8294392523364486,0.8292239219417161,0.9051686597511028,,,
eeg-eye-state,KNN,classification,5,0.012463799997931346,88.13200000440702,2026-03-09T09:41:38.585637,0.8471295060080107,0.8472192486437529,0.9223812406318461,,,
eeg-eye-state,KNN,classification,6,0.012152300012530759,78.21180002065375,2026-03-09T09:41:38.758040,0.859479305740988,0.8594444003195535,0.9349307387149774,,,
eeg-eye-state,KNN,classification,7,0.012422700005117804,87.2838000068441,2026-03-09T09:41:38.950952,0.9108811748998665,0.9108655678304954,0.9697277081142667,,,
eeg-eye-state,KNN,classification,8,0.012876099994173273,78.49630000418983,2026-03-09T09:41:39.135808,0.9052069425901201,0.9050991347280252,0.9641330364159155,,,
eeg-eye-state,KNN,classification,9,0.013913899980252609,88.74070001184009,2026-03-09T09:41:39.331932,0.8281041388518025,0.8280108580106608,0.9054597979370393,,,
eeg-eye-state,MLP,classification,0,11.659542800014606,2.1065999753773212,2026-03-09T09:41:51.003070,0.934913217623498,0.934862507656292,0.9824896589991928,,,
eeg-eye-state,MLP,classification,1,28.401304999977583,3.1601999944541603,2026-03-09T09:42:19.417305,0.9022029372496663,0.9019728438447084,0.9662795997636342,,,
eeg-eye-state,MLP,classification,2,40.249379399989266,3.9394000195898116,2026-03-09T09:42:59.680133,0.8955273698264352,0.8950993693145197,0.9656371377941497,,,
eeg-eye-state,MLP,classification,3,10.277441000012914,2.079600002616644,2026-03-09T09:43:09.967968,0.9395861148197597,0.9395963476448101,0.9847732251941484,,,
eeg-eye-state,MLP,classification,4,31.33414960000664,3.3079000131692737,2026-03-09T09:43:41.315407,0.8965287049399199,0.8966912219680873,0.962107002852839,,,
eeg-eye-state,MLP,classification,5,32.89802390002296,3.1460000027436763,2026-03-09T09:44:14.227134,0.8978638184245661,0.8976665929925804,0.9600867094719243,,,
eeg-eye-state,MLP,classification,6,31.105283899989445,2.7972999960184097,2026-03-09T09:44:45.343637,0.9138851802403204,0.9138008185200586,0.9747226485933357,,,
eeg-eye-state,MLP,classification,7,17.412924399977783,2.110100002028048,2026-03-09T09:45:02.766072,0.931909212283044,0.9318538086757135,0.9820658427133269,,,
eeg-eye-state,MLP,classification,8,22.291382199997315,2.8753000078722835,2026-03-09T09:45:25.069741,0.9365821094793058,0.9364486773818957,0.9824740666352937,,,
eeg-eye-state,MLP,classification,9,18.715270299988333,2.90400002268143,2026-03-09T09:45:43.796010,0.8828437917222964,0.8829295129472658,0.9585210270220369,,,
eeg-eye-state,LightGBM,classification,0,0.08090080000692979,5.439700005808845,2026-03-09T09:45:43.901993,0.8961949265687583,0.8960271706699319,0.9628584219704831,,,
eeg-eye-state,LightGBM,classification,1,0.058961000002454966,5.113899998832494,2026-03-09T09:45:43.976993,0.9085447263017357,0.9083251606631777,0.9672249726161651,,,
eeg-eye-state,LightGBM,classification,2,0.07170490000862628,6.033899990143254,2026-03-09T09:45:44.066993,0.8995327102803738,0.8992880405732517,0.9643717111855156,,,
eeg-eye-state,LightGBM,classification,3,0.07757200000924058,4.557100008241832,2026-03-09T09:45:44.160997,0.883177570093458,0.8828176253703024,0.9530279046832042,,,
eeg-eye-state,LightGBM,classification,4,0.07560589999775402,5.408900004113093,2026-03-09T09:45:44.253996,0.8931909212283045,0.8930146211707399,0.9641451953192725,,,
eeg-eye-state,LightGBM,classification,5,0.08094090002123266,5.983300012303516,2026-03-09T09:45:44.355995,0.8955273698264352,0.8950374402417856,0.9655454607690533,,,
eeg-eye-state,LightGBM,classification,6,0.08694989999639802,5.840700003318489,2026-03-09T09:45:44.461996,0.8931909212283045,0.8929548657753499,0.9636560662400553,,,
eeg-eye-state,LightGBM,classification,7,0.06312749997596256,5.254000017885119,2026-03-09T09:45:44.541996,0.9035380507343124,0.9032843756531511,0.9639303880266326,,,
eeg-eye-state,LightGBM,classification,8,0.06184030001168139,4.574999999022111,2026-03-09T09:45:44.619996,0.8951935914552737,0.8949231047031019,0.96333910505968,,,
eeg-eye-state,LightGBM,classification,9,0.06098469998687506,4.536799999186769,2026-03-09T09:45:44.695993,0.8948598130841121,0.8947616864882258,0.96276403396387,,,
eeg-eye-state,CatBoost,classification,0,0.46648989999084733,11.01879999623634,2026-03-09T09:45:45.194418,0.863150867823765,0.8624359360731239,0.9426407745301509,,,
eeg-eye-state,CatBoost,classification,1,0.4106214999919757,11.075199989136308,2026-03-09T09:45:45.634309,0.8711615487316422,0.8704089876845138,0.9459583621584227,,,
eeg-eye-state,CatBoost,classification,2,0.42922180000459775,10.785199992824346,2026-03-09T09:45:46.090644,0.8634846461949266,0.8625950556828577,0.9432143186848571,,,
eeg-eye-state,CatBoost,classification,3,0.41882880000048317,11.584799998672679,2026-03-09T09:45:46.539566,0.8481308411214953,0.8471805752901578,0.9281593446801419,,,
eeg-eye-state,CatBoost,classification,4,0.41313969998736866,10.587299999315292,2026-03-09T09:45:46.979590,0.8591455273698264,0.8582551028809919,0.9403304069404821,,,
eeg-eye-state,CatBoost,classification,5,0.4271084000065457,10.894599981838837,2026-03-09T09:45:47.437315,0.8674899866488651,0.8660851301571052,0.9440901360544216,,,
eeg-eye-state,CatBoost,classification,6,0.4227969000057783,10.801700002048165,2026-03-09T09:45:47.888361,0.8651535380507344,0.864279447977886,0.9417404408797416,,,
eeg-eye-state,CatBoost,classification,7,0.41904340000473894,10.8837999869138,2026-03-09T09:45:48.336839,0.8621495327102804,0.8612512420465042,0.9395252173403975,,,
eeg-eye-state,CatBoost,classification,8,0.41590589997940697,11.234500008868054,2026-03-09T09:45:48.779914,0.8688251001335113,0.8679357911842727,0.9440294155395287,,,
eeg-eye-state,CatBoost,classification,9,0.42851040000095963,10.983299987856299,2026-03-09T09:45:49.237937,0.8554739652870494,0.8549138052097218,0.936648510872086,,,
nomao,RandomForest,classification,0,0.7347996999742463,38.21100000641309,2026-03-09T09:45:50.478632,0.9696793848832148,0.9696113597482285,0.993946855268045,,,
nomao,RandomForest,classification,1,0.7649070000043139,26.02299998397939,2026-03-09T09:45:51.351587,0.9688089366023502,0.9687487877328389,0.9939545799040281,,,
nomao,RandomForest,classification,2,0.7251861999975517,26.70709998346865,2026-03-09T09:45:52.184578,0.9661975917597563,0.9661743086188791,0.994379422478143,,,
nomao,RandomForest,classification,3,0.7243013000115752,26.271299982909113,2026-03-09T09:45:53.016277,0.966777890613666,0.9666772609925457,0.9936518576522616,,,
nomao,RandomForest,classification,4,0.7866681999876164,26.619400014169514,2026-03-09T09:45:53.911877,0.9663426664732337,0.9662960950036444,0.9946683752509964,,,
nomao,RandomForest,classification,5,0.729312099982053,26.208700001006946,2026-03-09T09:45:54.752542,0.966777890613666,0.9666718932594097,0.9934225269283148,,,
nomao,RandomForest,classification,6,0.7421252999920398,26.336400012951344,2026-03-09T09:45:55.602756,0.9702596837371246,0.9702483253970184,0.9942288349184909,,,
nomao,RandomForest,classification,7,0.7540266000141855,26.271499984432012,2026-03-09T09:45:56.465574,0.9661975917597563,0.9662104382768961,0.9940962456664819,,,
nomao,RandomForest,classification,8,0.749671199999284,26.229999988572672,2026-03-09T09:45:57.322323,0.9690990860293051,0.9690249778018981,0.9951620136485964,,,
nomao,RandomForest,classification,9,0.736648599995533,26.19609999237582,2026-03-09T09:45:58.166956,0.9669229653271435,0.9668410391696756,0.9940848484573439,,,
nomao,GradientBoosting,classification,0,25.995226099999854,16.16430000285618,2026-03-09T09:46:24.256460,0.9692441607427825,0.9691919938705575,0.994064937476786,,,
nomao,GradientBoosting,classification,1,25.86384549998911,15.62649998231791,2026-03-09T09:46:50.206214,0.9682286377484405,0.9681273682359243,0.9947251550123586,,,
nomao,GradientBoosting,classification,2,25.494427199999336,15.74929998605512,2026-03-09T09:47:15.787666,0.9695343101697375,0.9695620029722569,0.9952375137127508,,,
nomao,GradientBoosting,classification,3,25.692058799992083,15.22940001450479,2026-03-09T09:47:41.563102,0.9675032641810533,0.9673919401747558,0.9939442141165317,,,
nomao,GradientBoosting,classification,4,25.4055221999879,15.705300000263378,2026-03-09T09:48:07.055295,0.9688089366023502,0.9687826520705535,0.9951743391372116,,,
nomao,GradientBoosting,classification,5,25.49770959999296,15.948099986417219,2026-03-09T09:48:32.641223,0.9675032641810533,0.9674582545303586,0.9938598283190954,,,
nomao,GradientBoosting,classification,6,25.478309400001308,15.22950001526624,2026-03-09T09:48:58.204619,0.9715653561584215,0.9715783176072268,0.9947771902341698,,,
nomao,GradientBoosting,classification,7,25.497985199996037,15.409699990414083,2026-03-09T09:49:23.786758,0.9661975917597563,0.9662206701125224,0.9946883848308408,,,
nomao,GradientBoosting,classification,8,25.831028000015067,15.09149998310022,2026-03-09T09:49:49.702623,0.9698244595966923,0.9697306685069251,0.9954631887679007,,,
nomao,GradientBoosting,classification,9,25.51932520000264,15.611900016665459,2026-03-09T09:50:15.306220,0.9683737124619178,0.9683151925057683,0.994291339069963,,,
nomao,SVM,classification,0,72.33497570001055,2333.320600009756,2026-03-09T09:51:32.416338,0.9622805744958653,0.9621811163410539,0.9906519541083736,,,
nomao,SVM,classification,1,72.67030100000557,2338.8914999959525,2026-03-09T09:52:49.881110,0.9621354997823879,0.9620087974384941,0.9902302194989023,,,
nomao,SVM,classification,2,72.25742559999344,2317.07020002068,2026-03-09T09:54:06.872236,0.9612650515015233,0.9612443202078086,0.9917218099056908,,,
nomao,SVM,classification,3,72.48341039998922,2342.873599991435,2026-03-09T09:55:24.200895,0.9573480342376324,0.9571951304859834,0.9904233532012646,,,
nomao,SVM,classification,4,72.65856619999977,2281.2699000060093,2026-03-09T09:56:41.534463,0.9603946032206586,0.9603367285487519,0.9918183509713309,,,
nomao,SVM,classification,5,73.10951000000932,2419.933299999684,2026-03-09T09:57:59.539717,0.9621354997823879,0.9619723254805256,0.9898423507077709,,,
nomao,SVM,classification,6,73.05581390002044,2298.2048999983817,2026-03-09T09:59:17.328294,0.9612650515015233,0.9612144565973784,0.9909529882141512,,,
nomao,SVM,classification,7,72.96571189997485,2328.653900010977,2026-03-09T10:00:35.090968,0.9573480342376324,0.9572691128288803,0.9907399996451909,,,
nomao,SVM,classification,8,73.36428290000185,2382.5475000194274,2026-03-09T10:01:53.397066,0.9624256492093428,0.9623118366684249,0.9918198981037933,,,
nomao,SVM,classification,9,73.76656869999715,2337.413400004152,2026-03-09T10:03:12.012911,0.9617002756419556,0.9615812331049434,0.9914392003759326,,,
nomao,KNN,classification,0,0.004727599996840581,393.87830000487156,2026-03-09T10:03:12.837646,0.9554620629624256,0.9554450364584919,0.9804109405307251,,,
nomao,KNN,classification,1,0.005842099984874949,415.11800000444055,2026-03-09T10:03:13.679675,0.9540113158276512,0.9539867022691959,0.977982706359622,,,
nomao,KNN,classification,2,0.005691900005331263,421.3203999970574,2026-03-09T10:03:14.557985,0.9515450456985347,0.9515079432481425,0.9792592453541675,,,
nomao,KNN,classification,3,0.0067517000134103,386.8544999859296,2026-03-09T10:03:15.376887,0.9551719135354708,0.9550076346614798,0.9804568805931417,,,
nomao,KNN,classification,4,0.007410100020933896,392.5048000237439,2026-03-09T10:03:16.240885,0.9540113158276512,0.9539512462223556,0.9802455422988079,,,
nomao,KNN,classification,5,0.007473800011212006,386.32849999703467,2026-03-09T10:03:17.114887,0.9522704192659219,0.9521257050310301,0.9796063410507201,,,
nomao,KNN,classification,6,0.005940300005022436,416.10239999135956,2026-03-09T10:03:17.991887,0.9540113158276512,0.9540427142732602,0.9789470855943814,,,
nomao,KNN,classification,7,0.0075591999921016395,386.2319999898318,2026-03-09T10:03:18.846885,0.950964746844625,0.9508892842358216,0.9787108384674064,,,
nomao,KNN,classification,8,0.0074176999914925545,383.8527000043541,2026-03-09T10:03:19.704890,0.9587987813724068,0.9587608863957644,0.9847269661887609,,,
nomao,KNN,classification,9,0.006013199978042394,414.7360000060871,2026-03-09T10:03:20.559364,0.9553169882489482,0.9552620841941238,0.9784506107872676,,,
nomao,MLP,classification,0,25.81512980000116,5.915599991567433,2026-03-09T10:03:46.454725,0.9640214710575946,0.9639038218236667,0.9914763629235278,,,
nomao,MLP,classification,1,18.656911899975967,5.929900013143197,2026-03-09T10:04:05.178250,0.9570578848106776,0.9568278555893325,0.9886929371133973,,,
nomao,MLP,classification,2,17.73551180001232,5.998099979478866,2026-03-09T10:04:22.980878,0.9534310169737414,0.9532529221697589,0.988738835376442,,,
nomao,MLP,classification,3,21.09357669999008,5.745400005253032,2026-03-09T10:04:44.141232,0.9637313216306398,0.9636013014336592,0.9918583185599373,,,
nomao,MLP,classification,4,16.80331839999417,6.021899986080825,2026-03-09T10:05:01.012867,0.9569128100972001,0.9569552185860647,0.9895256038045431,,,
nomao,MLP,classification,5,19.232423000008566,5.728400021325797,2026-03-09T10:05:20.317067,0.9621354997823879,0.961885865365851,0.9913676695142585,,,
nomao,MLP,classification,6,17.41847340000095,6.610100012039766,2026-03-09T10:05:37.803812,0.9625707239228203,0.9625707239228203,0.990518759703099,,,
nomao,MLP,classification,7,20.014425200002734,5.925400007981807,2026-03-09T10:05:57.885777,0.9586537066589293,0.9585153535247923,0.9898515330432426,,,
nomao,MLP,classification,8,18.83359660001588,5.772399978013709,2026-03-09T10:06:16.786292,0.9659074423328013,0.9659665187276215,0.9914571471124939,,,
nomao,MLP,classification,9,23.381752099987352,5.717300024116412,2026-03-09T10:06:40.236176,0.9599593790802263,0.9598852895944591,0.9889753919299095,,,
nomao,LightGBM,classification,0,0.377712799992878,12.598900008015335,2026-03-09T10:06:40.785975,0.9708399825910344,0.970824360569473,0.9944237237423136,,,
nomao,LightGBM,classification,1,0.3552644000155851,9.592300018994138,2026-03-09T10:06:41.220974,0.9689540113158277,0.9688868593175229,0.9943199610205133,,,
nomao,LightGBM,classification,2,0.3540433000016492,9.644199977628887,2026-03-09T10:06:41.661972,0.9673581894675758,0.9673952234124331,0.9950111682335336,,,
nomao,LightGBM,classification,3,0.36541009999928065,11.535500001627952,2026-03-09T10:06:42.113352,0.9675032641810533,0.9674683594757054,0.9942582820063545,,,
nomao,LightGBM,classification,4,0.3667330000025686,12.438699981430545,2026-03-09T10:06:42.562388,0.9685187871753953,0.9685211847494354,0.9951237994767804,,,
nomao,LightGBM,classification,5,0.35561840000445955,9.691999992355704,2026-03-09T10:06:43.000536,0.9679384883214855,0.9679262314570903,0.9944468346333211,,,
nomao,LightGBM,classification,6,0.32932119999895804,9.967999998480082,2026-03-09T10:06:43.410539,0.9689540113158277,0.9689822316002998,0.9948386629640005,,,
nomao,LightGBM,classification,7,0.37800259998766705,9.710900019854307,2026-03-09T10:06:43.871144,0.9661975917597563,0.9662257709382654,0.994837631542359,,,
nomao,LightGBM,classification,8,0.33862529997713864,9.336899995105341,2026-03-09T10:06:44.286145,0.9696793848832148,0.9696209145868062,0.9952348320164829,,,
nomao,LightGBM,classification,9,0.3566964000056032,9.970799990696833,2026-03-09T10:06:44.723145,0.9683737124619178,0.9683446240643544,0.9946320692092173,,,
nomao,CatBoost,classification,0,2.1706288999994285,182.35059999278747,2026-03-09T10:06:47.325259,0.9669229653271435,0.9668771519326865,0.9933442697371135,,,
nomao,CatBoost,classification,1,2.11631679997663,180.52540000644512,2026-03-09T10:06:49.856200,0.9619904250689105,0.96193193038398,0.9931164466781828,,,
nomao,CatBoost,classification,2,2.0414500999904703,180.4145000060089,2026-03-09T10:06:52.300337,0.9651820687654142,0.9651926599354159,0.994070717980856,,,
nomao,CatBoost,classification,3,2.1441761999740265,177.66489999485202,2026-03-09T10:06:54.851658,0.9619904250689105,0.9618602157401163,0.9923423131651895,,,
nomao,CatBoost,classification,4,2.057204199983971,175.32899999059737,2026-03-09T10:06:57.321137,0.9663426664732337,0.9662803883547626,0.9944327985480884,,,
nomao,CatBoost,classification,5,2.1253258000069764,183.29570000059903,2026-03-09T10:06:59.856978,0.9634411722036849,0.9633274294451423,0.9925573645330361,,,
nomao,CatBoost,classification,6,2.0505279000208247,176.30420002387837,2026-03-09T10:07:02.318105,0.966777890613666,0.9668005727715347,0.993597604873921,,,
nomao,CatBoost,classification,7,2.1130663999938406,178.53929998818785,2026-03-09T10:07:04.836394,0.9634411722036849,0.9633962507042831,0.9934981242566029,,,
nomao,CatBoost,classification,8,2.0188957000209484,170.96720001427457,2026-03-09T10:07:07.250469,0.9669229653271435,0.9668514202074543,0.9944503842870751,,,
nomao,CatBoost,classification,9,2.1226217999937944,178.11500001698732,2026-03-09T10:07:09.772294,0.9630059480632526,0.9629172269459343,0.9938000213710564,,,
qsar-biodeg,RandomForest,classification,0,0.11910660000285134,13.917000003857538,2026-03-09T10:07:11.179240,0.8578199052132701,0.8549830822192356,0.9299560351718625,,,
qsar-biodeg,RandomForest,classification,1,0.10789139999542385,14.59239999530837,2026-03-09T10:07:11.319533,0.8862559241706162,0.8849399833509116,0.9367203219315896,,,
qsar-biodeg,RandomForest,classification,2,0.11655849998351187,13.976799993542954,2026-03-09T10:07:11.467362,0.8625592417061612,0.8600490714971887,0.9366700201207243,,,
qsar-biodeg,RandomForest,classification,3,0.11536929997964762,14.51090001501143,2026-03-09T10:07:11.613509,0.8672985781990521,0.8663098862423805,0.9358148893360161,,,
qsar-biodeg,RandomForest,classification,4,0.12012579999282025,13.862799998605624,2026-03-09T10:07:11.764336,0.8767772511848341,0.8748103872423035,0.9335010060362173,,,
qsar-biodeg,RandomForest,classification,5,0.11026590000255965,14.238400006433949,2026-03-09T10:07:11.905686,0.8862559241706162,0.8854377043748829,0.9538868904876099,,,
qsar-biodeg,RandomForest,classification,6,0.12011150000034831,13.912599999457598,2026-03-09T10:07:12.056773,0.8625592417061612,0.8586829592408536,0.9286720321931589,,,
qsar-biodeg,RandomForest,classification,7,0.11737419999553822,13.98049999261275,2026-03-09T10:07:12.204822,0.9052132701421801,0.9037002978786951,0.9423038229376257,,,
qsar-biodeg,RandomForest,classification,8,0.1198529000103008,25.882399990223348,2026-03-09T10:07:12.367797,0.8436018957345972,0.8421198289250645,0.9235915492957747,,,
qsar-biodeg,RandomForest,classification,9,0.11755220001214184,13.917200005380437,2026-03-09T10:07:12.515710,0.8672985781990521,0.8672985781990521,0.925,,,
qsar-biodeg,GradientBoosting,classification,0,0.9303381000063382,1.2567999947350472,2026-03-09T10:07:13.452692,0.8625592417061612,0.8613014265960669,0.9155175859312551,,,
qsar-biodeg,GradientBoosting,classification,1,0.9551772000268102,1.2229999992996454,2026-03-09T10:07:14.414002,0.8909952606635071,0.8894985379553638,0.9306841046277665,,,
qsar-biodeg,GradientBoosting,classification,2,0.8965321000141557,1.0990999871864915,2026-03-09T10:07:15.315100,0.8578199052132701,0.8567605924025505,0.9356136820925554,,,
qsar-biodeg,GradientBoosting,classification,3,0.902086899994174,1.1505000002216548,2026-03-09T10:07:16.222699,0.8530805687203792,0.8528210003049032,0.9363179074446679,,,
qsar-biodeg,GradientBoosting,classification,4,0.8942220000026282,1.1320999765302986,2026-03-09T10:07:17.121696,0.8815165876777251,0.8803938097917156,0.9366197183098591,,,
qsar-biodeg,GradientBoosting,classification,5,0.8889793999842368,1.1648999934550375,2026-03-09T10:07:18.016128,0.8815165876777251,0.8813146458766394,0.9513389288569145,,,
qsar-biodeg,GradientBoosting,classification,6,0.9089902999985497,1.137999992351979,2026-03-09T10:07:18.931045,0.8530805687203792,0.8489369564298779,0.9082494969818914,,,
qsar-biodeg,GradientBoosting,classification,7,0.9056449999916367,1.1343999940436333,2026-03-09T10:07:19.841042,0.909952606635071,0.9090992954417038,0.9463782696177062,,,
qsar-biodeg,GradientBoosting,classification,8,0.8983448999933898,1.1412999883759767,2026-03-09T10:07:20.745042,0.8483412322274881,0.8501551900381005,0.9254527162977866,,,
qsar-biodeg,GradientBoosting,classification,9,0.9102313999901526,1.1285000073257834,2026-03-09T10:07:21.660045,0.8483412322274881,0.8452113882739802,0.9111670020120725,,,
qsar-biodeg,SVM,classification,0,0.061496399983298033,5.0749999936670065,2026-03-09T10:07:21.736980,0.8720379146919431,0.8703402745282968,0.9204636290967226,,,
qsar-biodeg,SVM,classification,1,0.062867999979062,5.101999995531514,2026-03-09T10:07:21.813994,0.8672985781990521,0.865763313909397,0.936317907444668,,,
qsar-biodeg,SVM,classification,2,0.06647089999751188,5.3115999908186495,2026-03-09T10:07:21.893967,0.8767772511848341,0.8753516486301542,0.9399396378269618,,,
qsar-biodeg,SVM,classification,3,0.06681300001218915,5.39010000647977,2026-03-09T10:07:21.974180,0.9052132701421801,0.9048723452272913,0.9362173038229377,,,
qsar-biodeg,SVM,classification,4,0.06630940001923591,5.803600011859089,2026-03-09T10:07:22.055644,0.8483412322274881,0.8465866444678822,0.9247484909456741,,,
qsar-biodeg,SVM,classification,5,0.06192480001482181,5.0020999915432185,2026-03-09T10:07:22.130647,0.8815165876777251,0.8824195514611877,0.9426458832933652,,,
qsar-biodeg,SVM,classification,6,0.06357500000740401,5.011000001104549,2026-03-09T10:07:22.207647,0.8672985781990521,0.8651804170301729,0.9398893360160967,,,
qsar-biodeg,SVM,classification,7,0.06546129999333061,5.435600003693253,2026-03-09T10:07:22.287648,0.9004739336492891,0.8991073607418538,0.9553319919517103,,,
qsar-biodeg,SVM,classification,8,0.062309800006914884,5.149200005689636,2026-03-09T10:07:22.363648,0.8483412322274881,0.8472112985627205,0.8969818913480885,,,
qsar-biodeg,SVM,classification,9,0.06351549999089912,5.033900000853464,2026-03-09T10:07:22.439649,0.8862559241706162,0.8849399833509116,0.9317907444668008,,,
qsar-biodeg,KNN,classification,0,0.0003208000271115452,2.6119000103790313,2026-03-09T10:07:22.448702,0.8578199052132701,0.8587034469346712,0.8960831334932055,,,
qsar-biodeg,KNN,classification,1,0.00031519998447038233,0.8434000192210078,2026-03-09T10:07:22.452704,0.8672985781990521,0.8672985781990521,0.8927565392354124,,,
qsar-biodeg,KNN,classification,2,0.0002996999828610569,0.7944999961182475,2026-03-09T10:07:22.457703,0.8578199052132701,0.8595204906607192,0.8973340040241449,,,
qsar-biodeg,KNN,classification,3,0.00030429998878389597,0.7784999907016754,2026-03-09T10:07:22.462703,0.8862559241706162,0.8858468142727495,0.9104627766599597,,,
qsar-biodeg,KNN,classification,4,0.00032049999572336674,0.9313000191468745,2026-03-09T10:07:22.467703,0.8388625592417062,0.8394019381651078,0.8876760563380282,,,
qsar-biodeg,KNN,classification,5,0.00031870001112110913,0.9005999891087413,2026-03-09T10:07:22.472703,0.8862559241706162,0.88782682267863,0.9293565147881694,,,
qsar-biodeg,KNN,classification,6,0.0003197999903932214,0.9120999893639237,2026-03-09T10:07:22.476703,0.8625592417061612,0.8623164196400707,0.891599597585513,,,
qsar-biodeg,KNN,classification,7,0.00032569997711107135,1.0405000066384673,2026-03-09T10:07:22.481701,0.8767772511848341,0.8763340487954786,0.9067404426559356,,,
qsar-biodeg,KNN,classification,8,0.0003218000056222081,0.9386999881826341,2026-03-09T10:07:22.486701,0.8436018957345972,0.8452705728064359,0.8898390342052314,,,
qsar-biodeg,KNN,classification,9,0.0003293000045232475,0.9422999864909798,2026-03-09T10:07:22.491701,0.8436018957345972,0.8448399264919239,0.9121730382293762,,,
qsar-biodeg,MLP,classification,0,1.2774682000163011,0.5682999908458441,2026-03-09T10:07:23.774680,0.8815165876777251,0.8799446986373117,0.9266586730615508,,,
qsar-biodeg,MLP,classification,1,1.0178646999993362,0.5562999867834151,2026-03-09T10:07:24.796903,0.8909952606635071,0.8899623050083783,0.9265593561368209,,,
qsar-biodeg,MLP,classification,2,1.1047937999828719,0.5145999894011766,2026-03-09T10:07:25.905844,0.8957345971563981,0.8957345971563981,0.9400402414486921,,,
qsar-biodeg,MLP,classification,3,0.8649250000016764,0.5370000144466758,2026-03-09T10:07:26.773995,0.8578199052132701,0.8587372872026624,0.9151911468812877,,,
qsar-biodeg,MLP,classification,4,1.3920971999759786,0.4957000201102346,2026-03-09T10:07:28.169971,0.9004739336492891,0.8981764351999141,0.9388329979879275,,,
qsar-biodeg,MLP,classification,5,1.277738100005081,0.5059000104665756,2026-03-09T10:07:29.452580,0.8815165876777251,0.8824195514611877,0.9382494004796164,,,
qsar-biodeg,MLP,classification,6,0.9769110000052024,0.5272000271361321,2026-03-09T10:07:30.432626,0.8862559241706162,0.8849399833509116,0.9409456740442655,,,
qsar-biodeg,MLP,classification,7,1.3592914000037126,0.5498999962583184,2026-03-09T10:07:31.795935,0.8909952606635071,0.8908026776455733,0.947082494969819,,,
qsar-biodeg,MLP,classification,8,1.2721191000018734,0.5778000049758703,2026-03-09T10:07:33.071721,0.8341232227488151,0.8354362856732525,0.882394366197183,,,
qsar-biodeg,MLP,classification,9,1.540638400008902,0.6003000016789883,2026-03-09T10:07:34.617018,0.8530805687203792,0.8510632468094033,0.9202213279678069,,,
qsar-biodeg,LightGBM,classification,0,0.03915029999916442,1.8566999933682382,2026-03-09T10:07:34.666760,0.8625592417061612,0.8601328775643884,0.9196143085531575,,,
qsar-biodeg,LightGBM,classification,1,0.035972799989394844,1.4465000131167471,2026-03-09T10:07:34.707850,0.8957345971563981,0.8953595797500205,0.9394366197183098,,,
qsar-biodeg,LightGBM,classification,2,0.05110979999881238,1.5327000000979751,2026-03-09T10:07:34.764877,0.8767772511848341,0.8763340487954786,0.9423541247484908,,,
qsar-biodeg,LightGBM,classification,3,0.041721099987626076,1.6321000002790242,2026-03-09T10:07:34.812972,0.8483412322274881,0.847795752363666,0.9360160965794768,,,
qsar-biodeg,LightGBM,classification,4,0.03428139997413382,1.2373000208754092,2026-03-09T10:07:34.853967,0.8815165876777251,0.8787814704760882,0.9455734406438632,,,
qsar-biodeg,LightGBM,classification,5,0.04059459999552928,1.192399999126792,2026-03-09T10:07:34.899878,0.8720379146919431,0.8726456752455399,0.9502398081534773,,,
qsar-biodeg,LightGBM,classification,6,0.03238050002255477,1.1858999787364155,2026-03-09T10:07:34.937875,0.8530805687203792,0.8489369564298779,0.928169014084507,,,
qsar-biodeg,LightGBM,classification,7,0.031323799979873,1.1378000199329108,2026-03-09T10:07:34.973878,0.8957345971563981,0.8949577677618703,0.950301810865191,,,
qsar-biodeg,LightGBM,classification,8,0.040957000019261613,1.7278000013902783,2026-03-09T10:07:35.020968,0.8436018957345972,0.8443728860158008,0.917102615694165,,,
qsar-biodeg,LightGBM,classification,9,0.043124300020281225,1.515100011602044,2026-03-09T10:07:35.070875,0.8672985781990521,0.8663098862423805,0.924195171026157,,,
qsar-biodeg,CatBoost,classification,0,0.3926852000004146,2.5924999790731817,2026-03-09T10:07:35.474044,0.8672985781990521,0.8652515591461786,0.9145183852917665,,,
qsar-biodeg,CatBoost,classification,1,0.37624420001520775,2.5633999903220683,2026-03-09T10:07:35.859006,0.8862559241706162,0.8849399833509116,0.9439637826961771,,,
qsar-biodeg,CatBoost,classification,2,0.39042199999676086,2.6313999842386693,2026-03-09T10:07:36.257988,0.8720379146919431,0.8713352731476834,0.9395372233400403,,,
qsar-biodeg,CatBoost,classification,3,0.38536089999252,2.649700007168576,2026-03-09T10:07:36.651639,0.8483412322274881,0.8493197730161732,0.9288732394366197,,,
qsar-biodeg,CatBoost,classification,4,0.37626629997976124,2.5622000102885067,2026-03-09T10:07:37.036889,0.8720379146919431,0.8708253145750529,0.9386317907444668,,,
qsar-biodeg,CatBoost,classification,5,0.3853067000163719,2.6596999960020185,2026-03-09T10:07:37.431512,0.8909952606635071,0.8918259873442926,0.9544364508393286,,,
qsar-biodeg,CatBoost,classification,6,0.3975812999997288,2.691200003027916,2026-03-09T10:07:37.837655,0.8720379146919431,0.8702808923823835,0.9345070422535212,,,
qsar-biodeg,CatBoost,classification,7,0.37440760000026785,2.6123000134248286,2026-03-09T10:07:38.219993,0.8909952606635071,0.8899623050083783,0.9466800804828973,,,
qsar-biodeg,CatBoost,classification,8,0.3950276999967173,2.666500018676743,2026-03-09T10:07:38.623135,0.8625592417061612,0.8632367786199463,0.9153923541247485,,,
qsar-biodeg,CatBoost,classification,9,0.39168319999589585,2.590999996755272,2026-03-09T10:07:39.023454,0.8530805687203792,0.8516883241417273,0.9287223340040242,,,
madelon,RandomForest,classification,0,0.4685466999944765,14.561799995135516,2026-03-09T10:07:39.763920,0.6884615384615385,0.6881663113006397,0.7511686390532544,,,
madelon,RandomForest,classification,1,0.4533677000144962,26.34719997877255,2026-03-09T10:07:40.289994,0.675,0.6744690860463997,0.749689349112426,,,
madelon,RandomForest,classification,2,0.4755985999945551,25.337800005218014,2026-03-09T10:07:40.835575,0.7288461538461538,0.7285560380732365,0.788387573964497,,,
madelon,RandomForest,classification,3,0.45008510001935065,14.79539999854751,2026-03-09T10:07:41.342623,0.7326923076923076,0.7319696964078451,0.8092899408284024,,,
madelon,RandomForest,classification,4,0.43675369999255054,25.02120001008734,2026-03-09T10:07:41.846702,0.6884615384615385,0.6877964895635673,0.7696153846153846,,,
madelon,RandomForest,classification,5,0.44528379998519085,25.854400009848177,2026-03-09T10:07:42.362395,0.6807692307692308,0.6795557139463055,0.7646153846153847,,,
madelon,RandomForest,classification,6,0.43796859998838045,25.525700009893626,2026-03-09T10:07:42.868876,0.7096153846153846,0.7093735541778476,0.7684023668639054,,,
madelon,RandomForest,classification,7,0.426484800002072,14.721100014867261,2026-03-09T10:07:43.342137,0.6846153846153846,0.6839421252371916,0.7390680473372782,,,
madelon,RandomForest,classification,8,0.440605499985395,14.508499996736646,2026-03-09T10:07:43.831011,0.6807692307692308,0.6802962962962963,0.7587721893491124,,,
madelon,RandomForest,classification,9,0.437373499997193,15.237599989632145,2026-03-09T10:07:44.332292,0.6961538461538461,0.6957893333728284,0.7619822485207101,,,
madelon,GradientBoosting,classification,0,27.332717899989802,3.0014000076334924,2026-03-09T10:08:11.689657,0.8403846153846154,0.8402847933804782,0.8995857988165681,,,
madelon,GradientBoosting,classification,1,26.946457599988207,2.948300010757521,2026-03-09T10:08:38.659638,0.8153846153846154,0.8153818843474016,0.900828402366864,,,
madelon,GradientBoosting,classification,2,26.51027199998498,2.927199995610863,2026-03-09T10:09:05.192972,0.8442307692307692,0.8442255844314345,0.913801775147929,,,
madelon,GradientBoosting,classification,3,26.119842800020706,2.751100022578612,2026-03-09T10:09:31.336151,0.8269230769230769,0.8269000310692252,0.9137426035502958,,,
madelon,GradientBoosting,classification,4,26.81217699998524,2.8858000005129725,2026-03-09T10:09:58.171485,0.8307692307692308,0.8307466970454648,0.9106065088757396,,,
madelon,GradientBoosting,classification,5,26.604891499999212,2.8778999985661358,2026-03-09T10:10:24.800012,0.8288461538461539,0.828703618025354,0.906198224852071,,,
madelon,GradientBoosting,classification,6,26.64161019999301,2.8532999858725816,2026-03-09T10:10:51.464610,0.825,0.8249475619545795,0.8991272189349112,,,
madelon,GradientBoosting,classification,7,26.507460199994966,2.9952999902889132,2026-03-09T10:11:17.995031,0.8442307692307692,0.8441840936079225,0.9047337278106509,,,
madelon,GradientBoosting,classification,8,26.580961100000422,2.820399997290224,2026-03-09T10:11:44.599578,0.85,0.85,0.9216715976331361,,,
madelon,GradientBoosting,classification,9,26.240974699991057,2.951800008304417,2026-03-09T10:12:10.864646,0.8576923076923076,0.8576923076923076,0.9179881656804734,,,
madelon,SVM,classification,0,2.7210919999924954,223.3645999804139,2026-03-09T10:12:14.053663,0.5865384615384616,0.5858630384613959,0.6068343195266273,,,
madelon,SVM,classification,1,2.671643000008771,251.5578999882564,2026-03-09T10:12:17.241037,0.5865384615384616,0.5858630384613959,0.6126183431952662,,,
madelon,SVM,classification,2,2.5078996999945957,249.02819999260828,2026-03-09T10:12:20.265153,0.6,0.5999053030303031,0.6480325443786982,,,
madelon,SVM,classification,3,2.5433588000014424,244.81079998076893,2026-03-09T10:12:23.315423,0.6173076923076923,0.6170683600327128,0.6414792899408284,,,
madelon,SVM,classification,4,2.5203418000019155,242.24980000872165,2026-03-09T10:12:26.335642,0.575,0.5743057279068302,0.6044230769230768,,,
madelon,SVM,classification,5,2.5148134999908507,240.15800000051968,2026-03-09T10:12:29.347647,0.5903846153846154,0.5897154753129179,0.6147337278106509,,,
madelon,SVM,classification,6,2.494843899999978,225.45130000798963,2026-03-09T10:12:32.314631,0.5769230769230769,0.5768980413042192,0.6081360946745561,,,
madelon,SVM,classification,7,2.4724168999819085,255.80350001109764,2026-03-09T10:12:35.306898,0.5807692307692308,0.5807692307692308,0.6202662721893492,,,
madelon,SVM,classification,8,2.508125000022119,253.69949999731034,2026-03-09T10:12:38.339822,0.6115384615384616,0.6109629629629628,0.6447189349112427,,,
madelon,SVM,classification,9,2.516736599995056,247.16659999103285,2026-03-09T10:12:41.367396,0.5634615384615385,0.5633824176718415,0.6001479289940828,,,
madelon,KNN,classification,0,0.00156899998546578,14.545500016538426,2026-03-09T10:12:41.416764,0.5288461538461539,0.5246250918846712,0.5717529585798817,,,
madelon,KNN,classification,1,0.0018369000172242522,12.469699984649196,2026-03-09T10:12:41.466136,0.5307692307692308,0.5305192114143626,0.54948224852071,,,
madelon,KNN,classification,2,0.0018148000235669315,10.516200010897592,2026-03-09T10:12:41.508138,0.5615384615384615,0.5563936781609194,0.5761316568047338,,,
madelon,KNN,classification,3,0.0018783000123221427,9.515100013231859,2026-03-09T10:12:41.553140,0.5019230769230769,0.49669458240374303,0.5261538461538461,,,
madelon,KNN,classification,4,0.0019087999826297164,9.321399993496016,2026-03-09T10:12:41.598138,0.5076923076923077,0.5005927459895857,0.5280769230769231,,,
madelon,KNN,classification,5,0.002516700013075024,13.15210000029765,2026-03-09T10:12:41.654136,0.5211538461538462,0.5168638688950332,0.5527588757396451,,,
madelon,KNN,classification,6,0.0021665999956894666,15.458499983651564,2026-03-09T10:12:41.709136,0.5423076923076923,0.5414869811348716,0.5730473372781066,,,
madelon,KNN,classification,7,0.0022370000078808516,15.297199977794662,2026-03-09T10:12:41.760137,0.5346153846153846,0.5328462817771441,0.5711538461538462,,,
madelon,KNN,classification,8,0.0023982999846339226,11.850700015202165,2026-03-09T10:12:41.811140,0.5384615384615384,0.5283874478505352,0.5746449704142013,,,
madelon,KNN,classification,9,0.002081299986457452,13.969899999210611,2026-03-09T10:12:41.861136,0.5403846153846154,0.5347949287107291,0.576457100591716,,,
madelon,MLP,classification,0,0.9285546999890357,1.3407999940682203,2026-03-09T10:12:42.813897,0.5557692307692308,0.5535087034579658,0.5853994082840237,,,
madelon,MLP,classification,1,0.8982709999836516,1.3107999984640628,2026-03-09T10:12:43.731580,0.5692307692307692,0.5689182987668576,0.6080325443786982,,,
madelon,MLP,classification,2,0.9008367000205908,1.3753999955952168,2026-03-09T10:12:44.653272,0.55,0.5498335183129855,0.5956360946745562,,,
madelon,MLP,classification,3,0.8974542999931145,1.3109999999869615,2026-03-09T10:12:45.570872,0.5769230769230769,0.5769168182961286,0.6002514792899408,,,
madelon,MLP,classification,4,0.9009659000148531,1.267199986614287,2026-03-09T10:12:46.492028,0.5288461538461539,0.5286352250822298,0.5476035502958579,,,
madelon,MLP,classification,5,0.9045906999963336,1.269900007173419,2026-03-09T10:12:47.417462,0.5557692307692308,0.5554914129022948,0.5912721893491124,,,
madelon,MLP,classification,6,0.904387599992333,1.3282999861985445,2026-03-09T10:12:48.343059,0.5673076923076923,0.5671780377997847,0.5698668639053255,,,
madelon,MLP,classification,7,0.899991600017529,1.3521999935619533,2026-03-09T10:12:49.262551,0.5423076923076923,0.5423009216112665,0.5850443786982249,,,
madelon,MLP,classification,8,0.8819837999762967,1.386700023431331,2026-03-09T10:12:50.166013,0.5711538461538461,0.5706950105697287,0.5933579881656804,,,
madelon,MLP,classification,9,0.91753430000972,1.2713999894913286,2026-03-09T10:12:51.104824,0.55,0.5494601519572269,0.5949556213017752,,,
madelon,LightGBM,classification,0,0.576582799985772,2.592400007415563,2026-03-09T10:12:51.728718,0.8211538461538461,0.8209624931972411,0.897292899408284,,,
madelon,LightGBM,classification,1,0.5145685999887064,2.5027999945450574,2026-03-09T10:12:52.265915,0.8115384615384615,0.8115356736046392,0.8865828402366863,,,
madelon,LightGBM,classification,2,0.517699200019706,2.529300021706149,2026-03-09T10:12:52.806914,0.8307692307692308,0.8307592165216877,0.9009763313609468,,,
madelon,LightGBM,classification,3,0.4974442000093404,3.3494000090286136,2026-03-09T10:12:53.330914,0.8153846153846154,0.815373690750932,0.8966715976331361,,,
madelon,LightGBM,classification,4,0.5660505999985617,3.417500003706664,2026-03-09T10:12:53.923912,0.8096153846153846,0.8095808781916842,0.8785650887573965,,,
madelon,LightGBM,classification,5,0.5828414999996312,2.753900014795363,2026-03-09T10:12:54.535744,0.8269230769230769,0.8268308566692322,0.8934615384615384,,,
madelon,LightGBM,classification,6,0.5674948999949265,2.7273999876342714,2026-03-09T10:12:55.127744,0.8153846153846154,0.8153818843474016,0.8846893491124261,,,
madelon,LightGBM,classification,7,0.5429322999843862,3.268300002673641,2026-03-09T10:12:55.695746,0.8192307692307692,0.8191879734848485,0.8738313609467455,,,
madelon,LightGBM,classification,8,0.4904610999801662,3.4768999903462827,2026-03-09T10:12:56.211745,0.8173076923076923,0.817301611370201,0.8980029585798817,,,
madelon,LightGBM,classification,9,0.5412500000093132,2.777399990009144,2026-03-09T10:12:56.777747,0.8134615384615385,0.8134608485978129,0.8977218934911242,,,
madelon,CatBoost,classification,0,4.017341800004942,64.49649998103268,2026-03-09T10:13:00.948570,0.8442307692307692,0.8442301931589983,0.9192603550295858,,,
madelon,CatBoost,classification,1,3.805826800002251,59.51609998010099,2026-03-09T10:13:04.893200,0.85,0.8499911237351323,0.9088165680473372,,,
madelon,CatBoost,classification,2,3.9018279000010807,62.42490001022816,2026-03-09T10:13:08.938870,0.8673076923076923,0.8673032756267776,0.9322189349112425,,,
madelon,CatBoost,classification,3,3.840730199997779,63.591400015866384,2026-03-09T10:13:12.924323,0.8365384615384616,0.8365233472029588,0.923076923076923,,,
madelon,CatBoost,classification,4,3.8810121999995317,62.895000010030344,2026-03-09T10:13:16.949339,0.8653846153846154,0.8653666908316195,0.9263165680473373,,,
madelon,CatBoost,classification,5,3.849118999991333,62.48379999306053,2026-03-09T10:13:20.941977,0.8365384615384616,0.8364652821713858,0.9053846153846153,,,
madelon,CatBoost,classification,6,3.9061514000059105,59.82090000179596,2026-03-09T10:13:24.989865,0.8442307692307692,0.8442255844314345,0.9122337278106508,,,
madelon,CatBoost,classification,7,3.866438700002618,62.67459999071434,2026-03-09T10:13:28.998240,0.8480769230769231,0.8479819117717804,0.9136686390532545,,,
madelon,CatBoost,classification,8,3.911190600018017,59.05559999519028,2026-03-09T10:13:33.047194,0.8634615384615385,0.863456993760887,0.923594674556213,,,
madelon,CatBoost,classification,9,3.866336199978832,60.214800003450364,2026-03-09T10:13:37.052354,0.8538461538461538,0.8538439917750262,0.9218491124260355,,,
Diabetes,RandomForest,regression,0,0.10350149997975677,14.526300015859306,2026-03-09T10:13:38.439991,,,,55.18412674130383,44.38454548578028,0.42521694569187896
Diabetes,RandomForest,regression,1,0.09936749999178573,14.561499992851168,2026-03-09T10:13:38.555627,,,,54.33742217923197,43.41722145203516,0.5267286019277414
Diabetes,RandomForest,regression,2,0.09553560000495054,14.398500003153458,2026-03-09T10:13:38.667062,,,,62.81238450980809,51.70151187469824,0.27513367433361113
Diabetes,RandomForest,regression,3,0.1021230999904219,24.827999994158745,2026-03-09T10:13:38.795374,,,,59.309708997314694,49.16391616181388,0.4773468283662593
Diabetes,RandomForest,regression,4,0.10631429997738451,13.789100019494072,2026-03-09T10:13:38.917050,,,,56.792269706966664,46.17221331539274,0.4227623471109666
Diabetes,RandomForest,regression,5,0.1038465999881737,13.813900004606694,2026-03-09T10:13:39.036307,,,,52.57519064366087,44.73272046640056,0.5762724622409976
Diabetes,RandomForest,regression,6,0.09948410000652075,24.44370000739582,2026-03-09T10:13:39.161107,,,,57.21692244755504,46.25552733440094,0.43188077940018343
Diabetes,RandomForest,regression,7,0.10219859998323955,14.480800018645823,2026-03-09T10:13:39.279414,,,,60.42339725455111,49.114625340958064,0.39691837319461065
Diabetes,RandomForest,regression,8,0.09793899999931455,13.993200002005324,2026-03-09T10:13:39.392857,,,,53.077767755479634,40.85481634775213,0.4317641209115265
Diabetes,RandomForest,regression,9,0.09827109999605455,13.651700021000579,2026-03-09T10:13:39.506097,,,,64.35901483700532,53.69658864558039,0.32860065252418924
Diabetes,GradientBoosting,regression,0,0.15586510000866838,0.7306000043172389,2026-03-09T10:13:39.664252,,,,60.54294300322651,47.20851781322871,0.30816478623546384
Diabetes,GradientBoosting,regression,1,0.1519173000124283,0.7141999958548695,2026-03-09T10:13:39.818221,,,,64.48370673253329,51.46987699772401,0.33348153602122
Diabetes,GradientBoosting,regression,2,0.1533904999960214,0.7117000059224665,2026-03-09T10:13:39.974234,,,,69.5532245341384,57.30134912972124,0.11120438873763516
Diabetes,GradientBoosting,regression,3,0.1524861000070814,0.6486999918706715,2026-03-09T10:13:40.128219,,,,67.70917584323854,55.54294924327235,0.318827574467913
Diabetes,GradientBoosting,regression,4,0.15115039999363944,0.6844000017736107,2026-03-09T10:13:40.280993,,,,64.20194718823758,51.14229238199466,0.26231220027279956
Diabetes,GradientBoosting,regression,5,0.14730470001813956,0.678399985190481,2026-03-09T10:13:40.430993,,,,56.71663730152695,46.62783366567431,0.5068875986473474
Diabetes,GradientBoosting,regression,6,0.14565310001489706,0.6333999917842448,2026-03-09T10:13:40.577995,,,,65.48400749325697,51.77585391443179,0.2558491320889593
Diabetes,GradientBoosting,regression,7,0.15051839998341165,0.7057999901007861,2026-03-09T10:13:40.730467,,,,65.70052417227429,53.198537972307555,0.2869770844877657
Diabetes,GradientBoosting,regression,8,0.15114259999245405,0.7158000080380589,2026-03-09T10:13:40.883466,,,,56.10306682983817,41.75994746270634,0.36514205792721
Diabetes,GradientBoosting,regression,9,0.15223070001229644,0.7222999993246049,2026-03-09T10:13:41.038464,,,,74.07729204711384,59.025771876463324,0.11052788882210485
Diabetes,SVM,regression,0,0.0033109000069089234,1.5582999913021922,2026-03-09T10:13:41.045834,,,,65.82354046498651,56.029473304006196,0.18221699094239519
Diabetes,SVM,regression,1,0.0033748999994713813,1.6562000091653317,2026-03-09T10:13:41.051833,,,,74.70527217820155,63.28438549461599,0.10542923479627686
Diabetes,SVM,regression,2,0.0032004000095184892,1.7960999975912273,2026-03-09T10:13:41.057838,,,,69.57884837820365,56.40185026091122,0.11054939235436234
Diabetes,SVM,regression,3,0.0032706999918445945,1.6684000147506595,2026-03-09T10:13:41.064834,,,,75.28931269230344,62.144313536211506,0.15777395212364265
Diabetes,SVM,regression,4,0.003389599994989112,1.798199984477833,2026-03-09T10:13:41.070834,,,,67.26556039216999,56.60984719810799,0.19022991233939668
Diabetes,SVM,regression,5,0.003628200007369742,1.8420999986119568,2026-03-09T10:13:41.077834,,,,75.36103801990808,61.63842915144381,0.12939988407176262
Diabetes,SVM,regression,6,0.0034260000102221966,1.7066999862436205,2026-03-09T10:13:41.083832,,,,70.37533267044462,58.05397706037477,0.14052862845287362
Diabetes,SVM,regression,7,0.003404300019610673,1.6818000003695488,2026-03-09T10:13:41.090834,,,,72.55347775495794,61.387770096650314,0.13047456977188832
Diabetes,SVM,regression,8,0.0033344999828841537,1.6770999936852604,2026-03-09T10:13:41.096834,,,,62.505953993468246,53.63770568281143,0.21196387215258028
Diabetes,SVM,regression,9,0.0033779999939724803,1.6997999919112772,2026-03-09T10:13:41.103866,,,,71.83327084401711,58.88431775916431,0.16360115662417174
Diabetes,KNN,regression,0,0.0005238000012468547,14.414300007047132,2026-03-09T10:13:41.120857,,,,55.20371262551505,42.77752808988764,0.4248088706606624
Diabetes,KNN,regression,1,0.0005148000200279057,14.93739997386001,2026-03-09T10:13:41.137960,,,,62.82831609529883,48.90112359550562,0.36726328337288805
Diabetes,KNN,regression,2,0.0004577000217977911,14.644999988377094,2026-03-09T10:13:41.154649,,,,60.60587655275082,48.665909090909096,0.32516618359475324
Diabetes,KNN,regression,3,0.0004529000143520534,13.635299983434379,2026-03-09T10:13:41.170212,,,,61.906597533557104,48.13409090909091,0.43057586020165195
Diabetes,KNN,regression,4,0.00044319999869912863,13.754599989624694,2026-03-09T10:13:41.185649,,,,57.50805872381555,45.31136363636363,0.40812006704656767
Diabetes,KNN,regression,5,0.000440800009528175,13.843199994880706,2026-03-09T10:13:41.201247,,,,54.38719280835364,43.1685393258427,0.5465616338389407
Diabetes,KNN,regression,6,0.0004321000014897436,13.263399974675849,2026-03-09T10:13:41.216881,,,,61.24257533536506,45.69662921348315,0.34912531012422676
Diabetes,KNN,regression,7,0.00042529997881501913,13.167400000384077,2026-03-09T10:13:41.232005,,,,63.53798076741187,52.275000000000006,0.3331431195564234
Diabetes,KNN,regression,8,0.00047660002019256353,13.555399986216798,2026-03-09T10:13:41.247281,,,,58.628855756126846,41.71363636363637,0.3066920359883406
Diabetes,KNN,regression,9,0.0004262000147718936,13.530199998058379,2026-03-09T10:13:41.262439,,,,67.50109763417319,54.786363636363646,0.2614433557641822
Diabetes,MLP,regression,0,0.7084269000042696,0.21100000594742596,2026-03-09T10:13:41.973571,,,,52.47010622995902,42.08156245476074,0.48036368559016596
Diabetes,MLP,regression,1,0.7026304999890272,0.215600011870265,2026-03-09T10:13:42.678064,,,,54.41049540925059,42.41202593342722,0.5254548306535838
Diabetes,MLP,regression,2,0.7002034000179265,0.23280002642422915,2026-03-09T10:13:43.379059,,,,59.42493565285184,46.57813412369964,0.3512090193661698
Diabetes,MLP,regression,3,0.7127806999778841,0.2266000083182007,2026-03-09T10:13:44.093511,,,,55.32358472032242,44.18848429560386,0.5452396111080429
Diabetes,MLP,regression,4,0.7172278999933042,0.2280999906361103,2026-03-09T10:13:44.812263,,,,54.34908986796231,43.34964780510023,0.47135911008870823
Diabetes,MLP,regression,5,0.7056534999865107,0.21379999816417694,2026-03-09T10:13:45.519318,,,,51.53379697762938,41.73936489781437,0.5928923517529272
Diabetes,MLP,regression,6,0.7022902000171598,0.2313000150024891,2026-03-09T10:13:46.223076,,,,57.952591296731825,43.848993631038724,0.4171776292052647
Diabetes,MLP,regression,7,0.7103594000218436,0.2245000214315951,2026-03-09T10:13:46.935536,,,,60.970839271223646,49.95323704460318,0.38594090939331227
Diabetes,MLP,regression,8,0.6971428999968339,0.22529999841935933,2026-03-09T10:13:47.633976,,,,54.100913412388635,40.16603412295067,0.40964594915163
Diabetes,MLP,regression,9,0.6976219000061974,0.22769998759031296,2026-03-09T10:13:48.332766,,,,53.9065925202212,45.04116060310536,0.5289728931437003
Diabetes,XGBoost,regression,0,0.07724740001140162,0.8960999839473516,2026-03-09T10:13:48.414068,,,,59.4179073571516,47.48920813571201,0.33363786424359587
Diabetes,XGBoost,regression,1,0.06394259998342022,0.9061000018846244,2026-03-09T10:13:48.481278,,,,58.04866807136295,44.91002312135161,0.45987197073373953
Diabetes,XGBoost,regression,2,0.0538335999881383,0.8920000109355897,2026-03-09T10:13:48.538278,,,,67.57162481332632,54.67190274325284,0.16112724895828012
Diabetes,XGBoost,regression,3,0.06770670000696555,0.9762000117916614,2026-03-09T10:13:48.608278,,,,66.01901471304942,53.30344698645852,0.35241007898653076
Diabetes,XGBoost,regression,4,0.0539924000040628,0.8764000085648149,2026-03-09T10:13:48.665278,,,,65.66283688690206,52.405298319729894,0.22835866302910646
Diabetes,XGBoost,regression,5,0.05492910000612028,0.9592999995220453,2026-03-09T10:13:48.724282,,,,55.70771383247174,45.67069398687127,0.5242753568129798
Diabetes,XGBoost,regression,6,0.06725429999642074,0.901099992915988,2026-03-09T10:13:48.794278,,,,64.14709577598103,49.43108350775215,0.2859239107976178
Diabetes,XGBoost,regression,7,0.051649500004714355,0.8368999988306314,2026-03-09T10:13:48.849277,,,,65.20896336333232,52.88555630770597,0.2976066176635529
Diabetes,XGBoost,regression,8,0.05346179998014122,0.8871000027284026,2026-03-09T10:13:48.905278,,,,55.94620166464342,42.28303250399503,0.3686872428141954
Diabetes,XGBoost,regression,9,0.058774300006916746,0.8951000054366887,2026-03-09T10:13:48.967278,,,,71.43006798073486,57.16414161161943,0.17296428149874565
Diabetes,LightGBM,regression,0,0.013182800001231954,0.8640000014565885,2026-03-09T10:13:48.985279,,,,57.21677739742735,45.051738950286804,0.3820940261548088
Diabetes,LightGBM,regression,1,0.012781299999915063,0.9572000126354396,2026-03-09T10:13:49.000690,,,,57.432444488692425,42.34747523993058,0.4712787088371272
Diabetes,LightGBM,regression,2,0.014589600003091618,1.205900014610961,2026-03-09T10:13:49.018690,,,,61.47457851622763,48.9563601744082,0.3056819061015996
Diabetes,LightGBM,regression,3,0.014408199989702553,1.2528999941423535,2026-03-09T10:13:49.035821,,,,59.873089668927015,48.86452297194938,0.4673703439985015
Diabetes,LightGBM,regression,4,0.014055400009965524,1.0342999885324389,2026-03-09T10:13:49.052808,,,,56.658497077708034,45.8034853228885,0.42547847928140137
Diabetes,LightGBM,regression,5,0.01368550001643598,0.8618999854661524,2026-03-09T10:13:49.069811,,,,53.00782718263594,43.23792811997968,0.5692701375645917
Diabetes,LightGBM,regression,6,0.013741200004005805,0.8788999984972179,2026-03-09T10:13:49.085810,,,,62.08733595584533,47.70128588400647,0.33104555378517375
Diabetes,LightGBM,regression,7,0.012565599987283349,0.7112000021152198,2026-03-09T10:13:49.100790,,,,61.063026103135556,48.146913582280334,0.38408261260365084
Diabetes,LightGBM,regression,8,0.012789900007192045,0.8365999965462834,2026-03-09T10:13:49.115883,,,,57.129703450115294,42.7725669647911,0.3416947905104194
Diabetes,LightGBM,regression,9,0.013468599994666874,0.7167000148911029,2026-03-09T10:13:49.131794,,,,66.78297433754074,54.20470633174454,0.27707431597802523
Diabetes,CatBoost,regression,0,0.164761299995007,1.2072999961674213,2026-03-09T10:13:49.300107,,,,50.82513523833507,40.94483839998498,0.5124348084748038
Diabetes,CatBoost,regression,1,0.15154809999512509,1.2018999841529876,2026-03-09T10:13:49.454624,,,,56.10411592868277,44.931444541861495,0.49545298282371764
Diabetes,CatBoost,regression,2,0.15048049998586066,1.1553000076673925,2026-03-09T10:13:49.607953,,,,60.65204574677656,49.369194829249906,0.32413762324358164
Diabetes,CatBoost,regression,3,0.149295399984112,1.2204000086057931,2026-03-09T10:13:49.759773,,,,57.06326233672965,46.15268428685666,0.5161896023937902
Diabetes,CatBoost,regression,4,0.15156929998192936,1.145999995060265,2026-03-09T10:13:49.914447,,,,54.0368584327712,44.23261112064951,0.47741566707557814
Diabetes,CatBoost,regression,5,0.15453429997432977,1.1864000116474926,2026-03-09T10:13:50.071909,,,,51.180406387724496,42.364067641157334,0.5984566507688531
Diabetes,CatBoost,regression,6,0.1604036999924574,1.2935000122524798,2026-03-09T10:13:50.235768,,,,58.53493908236294,46.1558833126945,0.40540557210496564
Diabetes,CatBoost,regression,7,0.14980949999880977,1.1863999825436622,2026-03-09T10:13:50.388134,,,,61.43330246932248,50.47639784118424,0.3765903173410625
Diabetes,CatBoost,regression,8,0.1485724999802187,1.3077000039629638,2026-03-09T10:13:50.540135,,,,53.72253038567194,39.652819738835426,0.41787497067099
Diabetes,CatBoost,regression,9,0.18651020000106655,1.2067000207025558,2026-03-09T10:13:50.729465,,,,63.43069499534838,51.13075794880831,0.3478296063545604
Diabetes,TRA_Hard,regression,0,0.5716072000213899,106.88809998100623,2026-03-09T10:13:51.410387,,,,76.34273085942345,61.517247853464625,-0.10004636177251314
Diabetes,TRA_Hard,regression,1,0.5742081999778748,118.03050001617521,2026-03-09T10:13:52.104621,,,,71.80161990789394,54.63713593229112,0.17361831900260571
Diabetes,TRA_Hard,regression,2,0.6258725000079721,126.90689999726601,2026-03-09T10:13:52.858787,,,,71.42375615804617,58.168255825485154,0.06275585661500904
Diabetes,TRA_Hard,regression,3,0.6120547000027727,148.29529999406077,2026-03-09T10:13:53.621505,,,,68.0476866733338,53.63149472200035,0.3119995296348754
Diabetes,TRA_Hard,regression,4,0.6535696999926586,148.38319999398664,2026-03-09T10:13:54.423927,,,,74.56506560156193,59.81143935756538,0.004945176173999699
Diabetes,TRA_Hard,regression,5,0.6578410999791231,154.0969000197947,2026-03-09T10:13:55.238301,,,,73.78814401804566,61.288602313704935,0.16536200601343065
Diabetes,TRA_Hard,regression,6,0.6581552000134252,161.61559999454767,2026-03-09T10:13:56.058882,,,,75.37367633408572,60.597747976200296,0.01410675640579484
Diabetes,TRA_Hard,regression,7,0.6739894000056665,174.17320000822656,2026-03-09T10:13:56.908179,,,,62.89463896930992,50.718191954951855,0.346579018357532
Diabetes,TRA_Hard,regression,8,0.7175771000038367,181.05410001589917,2026-03-09T10:13:57.808117,,,,71.90635582409945,54.72759405107367,-0.04288857911942423
Diabetes,TRA_Hard,regression,9,0.7415343000029679,191.99459999799728,2026-03-09T10:13:58.743472,,,,74.41911797324664,61.495788833803914,0.10230010081721952
Diabetes,TRA_Soft,regression,0,0.5178605999972206,106.6317000077106,2026-03-09T10:13:59.371977,,,,64.98650644838997,52.66466023905984,0.20288315230890208
Diabetes,TRA_Soft,regression,1,0.5455957000085618,120.94650001381524,2026-03-09T10:14:00.039565,,,,56.60367619792171,44.353070239084836,0.48642784111407644
Diabetes,TRA_Soft,regression,2,0.5741582000046037,134.53329997719266,2026-03-09T10:14:00.750136,,,,69.43048282470997,57.48292160007995,0.11433856504405515
Diabetes,TRA_Soft,regression,3,0.5988753999990877,140.01460000872612,2026-03-09T10:14:01.490108,,,,61.80271944334021,50.07539369554343,0.4324852226170822
Diabetes,TRA_Soft,regression,4,0.6636019999859855,151.64530000765808,2026-03-09T10:14:02.306630,,,,61.25033787320553,47.493957796243464,0.3285816934776733
Diabetes,TRA_Soft,regression,5,0.6404142999963369,163.44860001117922,2026-03-09T10:14:03.113148,,,,59.734941800522456,48.18599331377642,0.45300687620721336
Diabetes,TRA_Soft,regression,6,0.6588892999861855,176.3939000084065,2026-03-09T10:14:03.949203,,,,72.01980154964396,55.5482787359313,0.09989259567819264
Diabetes,TRA_Soft,regression,7,0.6809921000094619,184.8302999860607,2026-03-09T10:14:04.816338,,,,57.52601030017379,46.65669592020645,0.4533689108830278
Diabetes,TRA_Soft,regression,8,0.7262785999919288,194.93209998472594,2026-03-09T10:14:05.739037,,,,62.63839595592448,49.62605633078103,0.20862084267184788
Diabetes,TRA_Soft,regression,9,0.7369011999981012,205.22259999415837,2026-03-09T10:14:06.682544,,,,65.87613660834613,53.248861864163906,0.29657405517291346
California Housing,RandomForest,regression,0,1.944525099999737,24.903999990783632,2026-03-09T10:14:08.661535,,,,0.5096558423049674,0.33281487628079254,0.8017801450473314
California Housing,RandomForest,regression,1,1.9055157999973744,24.617399991257116,2026-03-09T10:14:10.595579,,,,0.5118214275837578,0.3372654878427297,0.8082407471595253
California Housing,RandomForest,regression,2,1.97680780000519,25.013000005856156,2026-03-09T10:14:12.601712,,,,0.5070497128433854,0.33019540012272797,0.8023911246681298
California Housing,RandomForest,regression,3,2.1788925000000745,25.168399995891377,2026-03-09T10:14:14.809671,,,,0.4902680334707309,0.32154077479132775,0.8196817724325434
California Housing,RandomForest,regression,4,2.0505115000123624,24.706700001843274,2026-03-09T10:14:16.888962,,,,0.5163671059158583,0.34010688812764733,0.8019037941804634
California Housing,RandomForest,regression,5,2.0183313000015914,24.90310001303442,2026-03-09T10:14:18.937122,,,,0.5011942115959215,0.3272606618439961,0.8036205836565221
California Housing,RandomForest,regression,6,2.0204820999933872,24.762299988651648,2026-03-09T10:14:20.986506,,,,0.5080015665552942,0.33273377083802413,0.8024170143426971
California Housing,RandomForest,regression,7,2.188178300013533,24.965599994175136,2026-03-09T10:14:23.203957,,,,0.5034041684754379,0.330417536416564,0.8094536608042321
California Housing,RandomForest,regression,8,2.1128328000195324,25.232399988453835,2026-03-09T10:14:25.346861,,,,0.5053713307406398,0.3314682094934296,0.8106230656282576
California Housing,RandomForest,regression,9,2.076503100019181,24.947899975813925,2026-03-09T10:14:27.452859,,,,0.5108645267093819,0.3356662452082388,0.8126098954461649
California Housing,GradientBoosting,regression,0,6.495587200013688,9.207399998558685,2026-03-09T10:14:33.966364,,,,0.4660763806544692,0.3092244355635178,0.8342294686536895
California Housing,GradientBoosting,regression,1,6.297276800003601,9.11479999194853,2026-03-09T10:14:40.276740,,,,0.47174920781539187,0.31296008625616156,0.8370922444267108
California Housing,GradientBoosting,regression,2,6.240915600006701,9.059800009708852,2026-03-09T10:14:46.530398,,,,0.4707772847858285,0.3060258939682354,0.8296522648575408
California Housing,GradientBoosting,regression,3,6.337292100011837,9.08669998170808,2026-03-09T10:14:52.880892,,,,0.4507641256715773,0.2988636356211719,0.8475697486708725
California Housing,GradientBoosting,regression,4,6.265917400014587,9.372400003485382,2026-03-09T10:14:59.160015,,,,0.48113081833690863,0.31699592251001146,0.8280170586122413
California Housing,GradientBoosting,regression,5,6.282947500003502,9.298099990701303,2026-03-09T10:15:05.457076,,,,0.4646100073382594,0.3029159621515586,0.8312433126832688
California Housing,GradientBoosting,regression,6,6.236563699989347,9.028400003444403,2026-03-09T10:15:11.706534,,,,0.4708210452413934,0.31167866158273094,0.83028072225374
California Housing,GradientBoosting,regression,7,6.261257799982559,9.207099996274337,2026-03-09T10:15:17.981295,,,,0.4662940108638156,0.30783436878811515,0.8365117032454484
California Housing,GradientBoosting,regression,8,6.2792683000152465,9.36519997776486,2026-03-09T10:15:24.273690,,,,0.4678160040171306,0.31025060499689605,0.8377233515258845
California Housing,GradientBoosting,regression,9,6.20784679998178,8.801799995126203,2026-03-09T10:15:30.494316,,,,0.4721613689358038,0.3120027617405551,0.8399277455580739
California Housing,SVM,regression,0,5.449006800015923,2500.238199980231,2026-03-09T10:15:38.449349,,,,0.5974901286155135,0.39859576350237885,0.7275702015776675
California Housing,SVM,regression,1,5.524702700000489,2529.0030999749433,2026-03-09T10:15:46.507122,,,,0.5949520277307074,0.3975740756157674,0.7408905220567055
California Housing,SVM,regression,2,5.484424900001613,2541.923900018446,2026-03-09T10:15:54.538372,,,,0.5848410500165121,0.38531041884639916,0.7371057662186649
California Housing,SVM,regression,3,5.469988199998625,2532.294499978889,2026-03-09T10:16:02.544839,,,,0.5508406954379126,0.3713654226607619,0.7723726139586313
California Housing,SVM,regression,4,5.3476808999839704,2512.707000016235,2026-03-09T10:16:10.408993,,,,0.6022319150857619,0.40015473335333307,0.7305448091709585
California Housing,SVM,regression,5,5.36803549999604,2531.398799997987,2026-03-09T10:16:18.313923,,,,0.5840442478353626,0.3884903278675702,0.733329255294467
California Housing,SVM,regression,6,5.34936920000473,2479.769600002328,2026-03-09T10:16:26.146817,,,,0.5613298542569453,0.3760314957985101,0.7587564436538975
California Housing,SVM,regression,7,5.490806899993913,2528.2793999940623,2026-03-09T10:16:34.169708,,,,0.6023622311552023,0.39694488522376115,0.727176069687749
California Housing,SVM,regression,8,5.390662699996028,2521.936100005405,2026-03-09T10:16:42.087219,,,,0.5857184309496952,0.3897007393099593,0.7456195916060526
California Housing,SVM,regression,9,5.47797440001159,2558.770799980266,2026-03-09T10:16:50.128020,,,,0.5950514404316598,0.39839036102004827,0.7457598239611392
California Housing,KNN,regression,0,0.011452700011432171,145.72390000103042,2026-03-09T10:16:50.291305,,,,0.6575877238850522,0.4461535271317829,0.6700101862970987
California Housing,KNN,regression,1,0.012645899987546727,108.13839998445474,2026-03-09T10:16:50.416529,,,,0.6460603614650797,0.44142948158914724,0.6944617454276472
California Housing,KNN,regression,2,0.011747999989893287,108.28610000316985,2026-03-09T10:16:50.540658,,,,0.6323005796922266,0.4323250862403101,0.6927071012881197
California Housing,KNN,regression,3,0.011648900021100417,98.0773999763187,2026-03-09T10:16:50.654322,,,,0.5989085677184506,0.40287386046511625,0.730912497865118
California Housing,KNN,regression,4,0.01164529999368824,108.36290000588633,2026-03-09T10:16:50.778176,,,,0.6523506393439567,0.44362971996124034,0.6838296027619228
California Housing,KNN,regression,5,0.012096299993572757,108.00750000635162,2026-03-09T10:16:50.902266,,,,0.6509608029461463,0.44402971366279065,0.6687212726336125
California Housing,KNN,regression,6,0.01172850001603365,56.691600009799004,2026-03-09T10:16:50.975083,,,,0.6031889893832054,0.40793650339147286,0.7214351910018078
California Housing,KNN,regression,7,0.012527200015028939,98.64740000921302,2026-03-09T10:16:51.089874,,,,0.65459274219763,0.43717898788759685,0.6778119961730117
California Housing,KNN,regression,8,0.011832799995318055,98.31530001247302,2026-03-09T10:16:51.204132,,,,0.6371042485981794,0.43512826937984495,0.6990274539995245
California Housing,KNN,regression,9,0.012414900003932416,88.31979997921735,2026-03-09T10:16:51.309335,,,,0.6469069838241157,0.44554291763565895,0.6995177391205809
California Housing,MLP,regression,0,12.364520700008143,2.3663999745622277,2026-03-09T10:17:03.681498,,,,0.5233845206078034,0.34938805609999213,0.7909573568554246
California Housing,MLP,regression,1,15.713411100005032,2.288899995619431,2026-03-09T10:17:19.401139,,,,0.5193562905464657,0.3464988586228195,0.8025531571914539
California Housing,MLP,regression,2,14.53002999999444,2.2621999960392714,2026-03-09T10:17:33.936610,,,,0.514159270583231,0.3481636673868109,0.7968107600496056
California Housing,MLP,regression,3,8.618728300003568,2.3320000036619604,2026-03-09T10:17:42.561506,,,,0.5988481767708717,0.34130152168541544,0.7309667620076077
California Housing,MLP,regression,4,14.45106379999197,2.3643999884370714,2026-03-09T10:17:57.018756,,,,0.52858682816506,0.3577975684540625,0.7924170432151553
California Housing,MLP,regression,5,16.477349499997217,2.34089998411946,2026-03-09T10:18:13.503581,,,,0.5064274101861682,0.341364998837972,0.7994981985008035
California Housing,MLP,regression,6,12.466535300016403,2.3204000026453286,2026-03-09T10:18:25.975442,,,,1.6346107131965366,0.4012151113350889,-1.0457290980518343
California Housing,MLP,regression,7,17.088844299985794,2.386000007390976,2026-03-09T10:18:43.070568,,,,0.509299214422791,0.33595553130549577,0.8049647967829735
California Housing,MLP,regression,8,11.072949900000822,2.29939998826012,2026-03-09T10:18:54.150104,,,,0.5159219030613899,0.3515850720877861,0.8026333310328955
California Housing,MLP,regression,9,13.443154399981722,2.3658999998588115,2026-03-09T10:19:07.599417,,,,0.5152386096681599,0.34871892718007247,0.809387245085261
California Housing,XGBoost,regression,0,0.20465679999324493,2.317700011190027,2026-03-09T10:19:07.812528,,,,0.4693555899019072,0.30856957089710374,0.8318886138372678
California Housing,XGBoost,regression,1,0.14475989999482408,2.2779999999329448,2026-03-09T10:19:07.965527,,,,0.46323283748791155,0.3065450575268477,0.8429210183429031
California Housing,XGBoost,regression,2,0.13906819999101572,2.2868999803904444,2026-03-09T10:19:08.113527,,,,0.472315682998338,0.3056387838565125,0.8285371268008571
California Housing,XGBoost,regression,3,0.13520689998404123,2.234699990367517,2026-03-09T10:19:08.257527,,,,0.4456960700674004,0.2948110964767323,0.8509781039430334
California Housing,XGBoost,regression,4,0.13537829997949302,2.2732999932486564,2026-03-09T10:19:08.401527,,,,0.4756500779811906,0.3123351786955128,0.8319129850124652
California Housing,XGBoost,regression,5,0.14685990000725724,2.2905000078026205,2026-03-09T10:19:08.557527,,,,0.458019393844363,0.29872124264681293,0.8359970699797393
California Housing,XGBoost,regression,6,0.13981110000167973,2.3637000122107565,2026-03-09T10:19:08.706527,,,,0.4601834133550523,0.3062388474222186,0.8378632875525334
California Housing,XGBoost,regression,7,0.15379420001409017,2.373399998759851,2026-03-09T10:19:08.869688,,,,0.4673564255454715,0.3035794225065722,0.8357658637751479
California Housing,XGBoost,regression,8,0.1370701999985613,2.3117999953683466,2026-03-09T10:19:09.014688,,,,0.4689905853194391,0.30994297685341315,0.8369074478313998
California Housing,XGBoost,regression,9,0.1374331999977585,2.277799998410046,2026-03-09T10:19:09.160688,,,,0.46363377606403017,0.30565343539973566,0.8456575843656642
California Housing,LightGBM,regression,0,0.08238700000219978,6.855499988887459,2026-03-09T10:19:09.258571,,,,0.47000603373863875,0.31465130415753156,0.8314223456807572
California Housing,LightGBM,regression,1,0.06519279998610727,6.5015000000130385,2026-03-09T10:19:09.336572,,,,0.46971451776613937,0.3162304795816062,0.8384944808822383
California Housing,LightGBM,regression,2,0.07043579997844063,7.135499996365979,2026-03-09T10:19:09.418573,,,,0.47711009436816093,0.3145841483113179,0.825038467300976
California Housing,LightGBM,regression,3,0.06765330000780523,6.850500009022653,2026-03-09T10:19:09.498576,,,,0.4539099027630963,0.30446011627425124,0.8454347749019249
California Housing,LightGBM,regression,4,0.06071309998515062,6.508399994345382,2026-03-09T10:19:09.571571,,,,0.4826021366621964,0.32394649597545544,0.8269635881228707
California Housing,LightGBM,regression,5,0.0692241000069771,6.719199998769909,2026-03-09T10:19:09.652571,,,,0.46832863935252517,0.3123864107662531,0.8285311223757823
California Housing,LightGBM,regression,6,0.07136539998464286,5.138800013810396,2026-03-09T10:19:09.733573,,,,0.4704970253756332,0.3208787646216509,0.8305142440778341
California Housing,LightGBM,regression,7,0.05977839999832213,6.474800000432879,2026-03-09T10:19:09.804573,,,,0.47878003563394667,0.31437470427591996,0.8276389781989376
California Housing,LightGBM,regression,8,0.06887859999551438,6.944699998712167,2026-03-09T10:19:09.886572,,,,0.4714377786709792,0.3157349568940842,0.8352009730168631
California Housing,LightGBM,regression,9,0.05481069997767918,5.224699998507276,2026-03-09T10:19:09.951573,,,,0.46513092504937037,0.3124280506147704,0.844659181358621
California Housing,CatBoost,regression,0,0.35917469998821616,8.614899998065084,2026-03-09T10:19:10.326619,,,,0.504865721632262,0.34085727934943105,0.8054886671934822
California Housing,CatBoost,regression,1,0.324849800002994,8.459100004984066,2026-03-09T10:19:10.664638,,,,0.5005694729439873,0.34369530169133206,0.8165793944998874
California Housing,CatBoost,regression,2,0.3517368000175338,9.51340000028722,2026-03-09T10:19:11.030086,,,,0.49420160328094187,0.33510978243672557,0.8122786519677248
California Housing,CatBoost,regression,3,0.3358212999883108,8.84520000545308,2026-03-09T10:19:11.379277,,,,0.47478013685042725,0.32699564266466796,0.8308945681036555
California Housing,CatBoost,regression,4,0.3340689000033308,8.861299982527271,2026-03-09T10:19:11.726875,,,,0.5134650707988064,0.3509626671553095,0.804124178443943
California Housing,CatBoost,regression,5,0.3281719999795314,8.715200005099177,2026-03-09T10:19:12.068267,,,,0.4940338429120615,0.33691316183386477,0.8091916953567706
California Housing,CatBoost,regression,6,0.34042910000425763,9.057199989911169,2026-03-09T10:19:12.422313,,,,0.4970657295932548,0.34190200469949017,0.8108322563349339
California Housing,CatBoost,regression,7,0.33483890001662076,8.781999989878386,2026-03-09T10:19:12.770377,,,,0.5015756765074191,0.3389903760706954,0.8108353724038504
California Housing,CatBoost,regression,8,0.32749269998748787,8.974900003522635,2026-03-09T10:19:13.111376,,,,0.49588764816753983,0.33783448611725536,0.8176639840531328
California Housing,CatBoost,regression,9,0.3415839000081178,8.641500025987625,2026-03-09T10:19:13.466068,,,,0.5020627408613538,0.3429632691986088,0.8190114318417745
California Housing,TRA_Hard,regression,0,10.529775700008031,1806.2168000033125,2026-03-09T10:19:25.808211,,,,0.7909233586492211,0.5609248143768321,0.5226225021010469
California Housing,TRA_Hard,regression,1,7.4352352999849245,1393.6353000171948,2026-03-09T10:19:34.641223,,,,0.6554704552864802,0.45343773661069126,0.6854963838368311
California Housing,TRA_Hard,regression,2,5.386564499989618,895.1509000035003,2026-03-09T10:19:40.925974,,,,0.5851954890252478,0.4008885383963075,0.7367870190747337
California Housing,TRA_Hard,regression,3,8.589169600018067,1527.2211000265088,2026-03-09T10:19:51.046672,,,,0.5522702979358165,0.3872407820400409,0.7711895533714405
California Housing,TRA_Hard,regression,4,6.510398199985502,1075.973500002874,2026-03-09T10:19:58.637667,,,,0.7353551567896028,0.5251020611897277,0.5982523872318684
California Housing,TRA_Hard,regression,5,11.689379899995402,2111.059100017883,2026-03-09T10:20:12.442340,,,,0.711887740195182,0.5185835621103765,0.6038069076483615
California Housing,TRA_Hard,regression,6,11.163314999983413,1780.47300002072,2026-03-09T10:20:25.390095,,,,0.8849662056127323,0.5215915957973178,0.40038455124012307
California Housing,TRA_Hard,regression,7,21.614575500017963,3649.4143000163604,2026-03-09T10:20:50.659363,,,,0.7566277291417028,0.5302609968213764,0.5695412884504705
California Housing,TRA_Hard,regression,8,10.696463300002506,1886.0723999969196,2026-03-09T10:21:03.244853,,,,0.7770955993883556,0.5516700877610855,0.552230220872543
California Housing,TRA_Hard,regression,9,8.495735699980287,1442.6318999903742,2026-03-09T10:21:13.187715,,,,0.6684228983347472,0.4776325333249484,0.6791974606314912
California Housing,TRA_Soft,regression,0,10.285870599996997,2462.1733999811113,2026-03-09T10:21:25.957355,,,,0.7086496243828723,0.4976895036410635,0.61677285604978
California Housing,TRA_Soft,regression,1,7.422544399974868,1882.5546000152826,2026-03-09T10:21:35.266443,,,,0.5729671712553202,0.39694716032547156,0.7596861064630305
California Housing,TRA_Soft,regression,2,5.381064599991078,966.3891000091098,2026-03-09T10:21:41.618377,,,,0.5127047527418397,0.3456428512051517,0.7979587480681642
California Housing,TRA_Soft,regression,3,8.617510200012475,2107.4322999920696,2026-03-09T10:21:52.348128,,,,0.4810047334772536,0.3257969998609589,0.8264313938826181
California Housing,TRA_Soft,regression,4,6.588755300006596,1216.3786999881268,2026-03-09T10:22:00.156654,,,,0.6607361131028597,0.46679844038667323,0.675649099084578
California Housing,TRA_Soft,regression,5,11.680258499982301,3093.580299988389,2026-03-09T10:22:14.934712,,,,0.575472762113241,0.4118341587864582,0.7410991852166535
California Housing,TRA_Soft,regression,6,11.200701099995058,2680.8915000001434,2026-03-09T10:22:28.821536,,,,0.7587536416118194,0.4475287514114447,0.5592208758783568
California Housing,TRA_Soft,regression,7,21.690934499987634,5769.93969999603,2026-03-09T10:22:56.287085,,,,0.6795987602261596,0.47262286989875707,0.6527260951273066
California Housing,TRA_Soft,regression,8,10.691145400021924,2431.2878000200726,2026-03-09T10:23:09.413346,,,,0.6759884002548912,0.4775454378310462,0.6611680408354649
California Housing,TRA_Soft,regression,9,8.517506500007585,1771.2314999953378,2026-03-09T10:23:19.706696,,,,0.5248553635697221,0.36565644170027173,0.8022053965580371
energy-efficiency,RandomForest,regression,0,0.09239760000491515,24.877000018022954,2026-03-09T10:23:19.840770,,,,1.3260842820624625,0.5189691558441557,0.9824188373968801
energy-efficiency,RandomForest,regression,1,0.08749110001372173,13.99960002163425,2026-03-09T10:23:19.944146,,,,1.0753319733058497,0.5452813852813851,0.9882460030348216
energy-efficiency,RandomForest,regression,2,0.08611909998580813,14.05160001013428,2026-03-09T10:23:20.045659,,,,2.7544047802642533,0.6536201298701299,0.9265508282423138
energy-efficiency,RandomForest,regression,3,0.08767999999690801,14.394099998753518,2026-03-09T10:23:20.149006,,,,0.5884678221883509,0.3774229691876751,0.9965540702155892
energy-efficiency,RandomForest,regression,4,0.08487809999496676,13.895700016291812,2026-03-09T10:23:20.249227,,,,1.4010515386781028,0.5217899159663866,0.9784224758390795
energy-efficiency,RandomForest,regression,5,0.08793750000768341,13.754099985817447,2026-03-09T10:23:20.352338,,,,1.2240207662942426,0.5588149350649351,0.9845373502178036
energy-efficiency,RandomForest,regression,6,0.08848720000241883,13.817900005960837,2026-03-09T10:23:20.456203,,,,1.5039327025597473,0.631816635745207,0.9771872983499765
energy-efficiency,RandomForest,regression,7,0.0896241000154987,13.748800003668293,2026-03-09T10:23:20.560747,,,,1.207173222762454,0.4931277056277055,0.9847091088320651
energy-efficiency,RandomForest,regression,8,0.08377299999119714,13.999399991007522,2026-03-09T10:23:20.659876,,,,0.6808290596207762,0.39532679738562093,0.9949654276587709
energy-efficiency,RandomForest,regression,9,0.08690119997481816,13.9435000019148,2026-03-09T10:23:20.762066,,,,1.2922283812432427,0.5212573918456271,0.9851572320882214
energy-efficiency,GradientBoosting,regression,0,0.09442959999432787,0.9581999911461025,2026-03-09T10:23:20.860110,,,,1.0105370116110393,0.4467614109763796,0.9897903751419778
energy-efficiency,GradientBoosting,regression,1,0.08954620000440627,0.9682000090833753,2026-03-09T10:23:20.951183,,,,0.6267307040674153,0.35014469845984075,0.9960073393509091
energy-efficiency,GradientBoosting,regression,2,0.0927296000008937,0.9557000012136996,2026-03-09T10:23:21.046253,,,,3.152172331743841,0.6671241232527259,0.9038052696837166
energy-efficiency,GradientBoosting,regression,3,0.08968710000044666,0.9387999889440835,2026-03-09T10:23:21.138257,,,,0.5613043776437802,0.35776229910080126,0.9968648534828202
energy-efficiency,GradientBoosting,regression,4,0.0882778000086546,0.9209999989252537,2026-03-09T10:23:21.229247,,,,0.5230504390793448,0.3209211548814513,0.9969926738494702
energy-efficiency,GradientBoosting,regression,5,0.08747100000618957,0.8711999980732799,2026-03-09T10:23:21.318260,,,,0.7336524036368504,0.3624521004875361,0.9944449619619333
energy-efficiency,GradientBoosting,regression,6,0.08825980001711287,0.8612999808974564,2026-03-09T10:23:21.409251,,,,0.8153481173395064,0.4145847480922742,0.9932948876363374
energy-efficiency,GradientBoosting,regression,7,0.08598169998731464,0.8553999941796064,2026-03-09T10:23:21.497252,,,,0.8632426807133561,0.39633272610424536,0.9921808522464132
energy-efficiency,GradientBoosting,regression,8,0.08632349999970756,0.8684999775141478,2026-03-09T10:23:21.585249,,,,0.576519512957634,0.36983712831771004,0.9963899398420093
energy-efficiency,GradientBoosting,regression,9,0.0867042999889236,0.8954000077210367,2026-03-09T10:23:21.674251,,,,1.3496326620755446,0.426542224157807,0.983809229899086
energy-efficiency,SVM,regression,0,0.009910599997965619,4.538300010608509,2026-03-09T10:23:21.691994,,,,4.3518543851630636,2.071490473413536,0.8106549106302736
energy-efficiency,SVM,regression,1,0.01747540000360459,6.149499997263774,2026-03-09T10:23:21.717356,,,,4.395821652427241,2.081314004455391,0.8035823168995057
energy-efficiency,SVM,regression,2,0.011654399975668639,4.408800014061853,2026-03-09T10:23:21.735778,,,,3.8986246601575627,1.913787037340115,0.8528520462661535
energy-efficiency,SVM,regression,3,0.010646400012774393,4.318299994338304,2026-03-09T10:23:21.751777,,,,4.470330003550705,2.0575888945372056,0.8011433349185515
energy-efficiency,SVM,regression,4,0.011511399992741644,4.522300005191937,2026-03-09T10:23:21.768848,,,,4.6054359009890815,1.9078290483337954,0.7668502935489288
energy-efficiency,SVM,regression,5,0.010917999985395,4.600300017045811,2026-03-09T10:23:21.785853,,,,4.470480794071659,2.0401007194271163,0.793740094484815
energy-efficiency,SVM,regression,6,0.011204399983398616,4.459899995708838,2026-03-09T10:23:21.802849,,,,3.918842221732113,2.036730232018078,0.8451056874030539
energy-efficiency,SVM,regression,7,0.009771899989573285,4.425299994181842,2026-03-09T10:23:21.817843,,,,3.3072090230831486,1.6232148830975455,0.885233034532553
energy-efficiency,SVM,regression,8,0.010945200017886236,4.395299998577684,2026-03-09T10:23:21.834849,,,,3.0444110457366516,1.4738139100367709,0.8993316396899949
energy-efficiency,SVM,regression,9,0.01126460000523366,4.4652000069618225,2026-03-09T10:23:21.851843,,,,6.379818488415732,2.795227867554957,0.6382129712894324
energy-efficiency,KNN,regression,0,0.000669100001687184,16.978100000414997,2026-03-09T10:23:21.871776,,,,1.2800162336632914,0.7999999999999999,0.9836191553789294
energy-efficiency,KNN,regression,1,0.0006595999875571579,14.612700004363433,2026-03-09T10:23:21.888585,,,,1.5146042301624454,0.961038961038961,0.9766815978974267
energy-efficiency,KNN,regression,2,0.0006908999930601567,14.346800016937777,2026-03-09T10:23:21.905029,,,,1.2558434843334805,0.8311688311688312,0.9847312877905885
energy-efficiency,KNN,regression,3,0.000667800020892173,13.792599987937137,2026-03-09T10:23:21.921274,,,,1.276740129970514,0.7960784313725491,0.9837794341067938
energy-efficiency,KNN,regression,4,0.0006419999990612268,13.870099995983765,2026-03-09T10:23:21.937286,,,,1.253283269755232,0.7555555555555555,0.9827339945660085
energy-efficiency,KNN,regression,5,0.0006468000065069646,13.337999989744276,2026-03-09T10:23:21.952869,,,,1.5581374162095614,0.9545454545454546,0.9749436468877738
energy-efficiency,KNN,regression,6,0.0006387000030372292,13.375499984249473,2026-03-09T10:23:21.967932,,,,1.3212548148310703,0.8610389610389612,0.9823926871661791
energy-efficiency,KNN,regression,7,0.0006152999994810671,13.006699999095872,2026-03-09T10:23:21.983674,,,,1.1077061826192842,0.7454545454545454,0.9871251324547995
energy-efficiency,KNN,regression,8,0.0006282000103965402,13.57299997471273,2026-03-09T10:23:21.998992,,,,1.2265046781362867,0.7947712418300653,0.983661023995427
energy-efficiency,KNN,regression,9,0.0007834999996703118,13.547099981224164,2026-03-09T10:23:22.014897,,,,1.7301630132122183,0.9098039215686273,0.9733921126375504
energy-efficiency,MLP,regression,0,1.368528699997114,0.2801000082399696,2026-03-09T10:23:23.385419,,,,1.334913204961657,0.9274840503421293,0.9821839511847239
energy-efficiency,MLP,regression,1,1.3485019000072498,0.23849998251534998,2026-03-09T10:23:24.735747,,,,1.6627953299827938,1.1461937465651848,0.9718953585976892
energy-efficiency,MLP,regression,2,1.3494372999994084,0.25430001551285386,2026-03-09T10:23:26.086614,,,,1.1693946489280211,0.8189297284014517,0.9867610488264477
energy-efficiency,MLP,regression,3,1.3430810999998357,0.28539999038912356,2026-03-09T10:23:27.431352,,,,1.25820764210312,0.8509281712379415,0.9842469148476324
energy-efficiency,MLP,regression,4,1.348837800003821,0.23380000493489206,2026-03-09T10:23:28.781666,,,,1.1870433986627624,0.8342140916844848,0.9845108857530531
energy-efficiency,MLP,regression,5,1.3446798999793828,0.24250001297332346,2026-03-09T10:23:30.128217,,,,1.3065701395569784,0.8670046561969234,0.9823813834071905
energy-efficiency,MLP,regression,6,1.3420329000218771,0.24870000197552145,2026-03-09T10:23:31.471606,,,,1.6238017811848209,1.162178473027661,0.9734058605597175
energy-efficiency,MLP,regression,7,1.5916357999958564,0.2941999991890043,2026-03-09T10:23:33.065154,,,,1.2226356175668762,0.8980174532171077,0.984314885362219
energy-efficiency,MLP,regression,8,1.5317663000023458,0.25209999876096845,2026-03-09T10:23:34.599341,,,,1.1441655900651349,0.8185882664640686,0.9857811595182159
energy-efficiency,MLP,regression,9,1.3264516000053845,0.248999975156039,2026-03-09T10:23:35.927353,,,,1.5228103480455406,0.8602498407710976,0.9793876273759345
energy-efficiency,XGBoost,regression,0,0.07385659997817129,0.9247999987564981,2026-03-09T10:23:36.004996,,,,1.1273747387682829,0.47990643978118896,0.987293004989624
energy-efficiency,XGBoost,regression,1,0.051695600006496534,0.9711000020615757,2026-03-09T10:23:36.060006,,,,0.6548713098295701,0.35059335827827454,0.995640754699707
energy-efficiency,XGBoost,regression,2,0.0558387000055518,0.9654999885242432,2026-03-09T10:23:36.118996,,,,0.5332030411604931,0.3145541548728943,0.997247576713562
energy-efficiency,XGBoost,regression,3,0.05896080000093207,0.8761000062804669,2026-03-09T10:23:36.180996,,,,0.4689587446177354,0.32294201850891113,0.9978115558624268
energy-efficiency,XGBoost,regression,4,0.0520443000132218,0.9251000010408461,2026-03-09T10:23:36.236000,,,,2.4167202143381985,0.5786041021347046,0.9357983469963074
energy-efficiency,XGBoost,regression,5,0.05238860001554713,0.8789999992586672,2026-03-09T10:23:36.291996,,,,0.6865938891188057,0.3634692132472992,0.995134711265564
energy-efficiency,XGBoost,regression,6,0.05269630000111647,0.9457000123802572,2026-03-09T10:23:36.347996,,,,0.9127651365033866,0.49383318424224854,0.9915969371795654
energy-efficiency,XGBoost,regression,7,0.05575430000317283,1.0253999789711088,2026-03-09T10:23:36.406996,,,,0.843459856515092,0.41579633951187134,0.9925351142883301
energy-efficiency,XGBoost,regression,8,0.05315359999076463,0.9244999964721501,2026-03-09T10:23:36.463996,,,,0.5044267317324784,0.3529471457004547,0.9972363710403442
energy-efficiency,XGBoost,regression,9,0.057073700008913875,0.8910000033210963,2026-03-09T10:23:36.524999,,,,0.9868770167382708,0.4313485622406006,0.991343080997467
energy-efficiency,LightGBM,regression,0,0.017357400007313117,1.0132999741472304,2026-03-09T10:23:36.547000,,,,1.0999704068754568,0.733161351018559,0.9879032880782956
energy-efficiency,LightGBM,regression,1,0.01973629998974502,1.2687999987974763,2026-03-09T10:23:36.570443,,,,1.2657473649677877,0.7755575438590901,0.9837147466223244
energy-efficiency,LightGBM,regression,2,0.02147899998817593,1.3390000094659626,2026-03-09T10:23:36.595142,,,,2.0344357232124386,0.9188738754481601,0.959930001856968
energy-efficiency,LightGBM,regression,3,0.014927699987310916,1.0678000107873231,2026-03-09T10:23:36.612142,,,,1.0692091995463535,0.7060019189401865,0.9886240845171969
energy-efficiency,LightGBM,regression,4,0.017813100013881922,1.0958999919239432,2026-03-09T10:23:36.633142,,,,1.2643210976793111,0.7522771111932723,0.9824285274312282
energy-efficiency,LightGBM,regression,5,0.018387899996014312,1.0408999805804342,2026-03-09T10:23:36.655145,,,,1.6681115010422547,0.8011603661825143,0.9712818472612712
energy-efficiency,LightGBM,regression,6,0.01733609999064356,1.130200020270422,2026-03-09T10:23:36.675144,,,,1.557677590778129,0.8873684411127645,0.9755276847390517
energy-efficiency,LightGBM,regression,7,0.01675229999818839,1.0636000079102814,2026-03-09T10:23:36.695144,,,,1.2877824174082884,0.7774449030750573,0.9825988242745415
energy-efficiency,LightGBM,regression,8,0.017507700016722083,0.9690999868325889,2026-03-09T10:23:36.715142,,,,1.1714179088184422,0.7957472339221444,0.9850957496972931
energy-efficiency,LightGBM,regression,9,0.01718359999358654,0.7542000093962997,2026-03-09T10:23:36.735158,,,,1.8111712446077906,0.9986664316133241,0.9708421582180232
energy-efficiency,CatBoost,regression,0,0.09944040002301335,1.2972999829798937,2026-03-09T10:23:36.838724,,,,0.6428408703469597,0.4737013717303242,0.9958684568151995
energy-efficiency,CatBoost,regression,1,0.07369699998525903,1.2600999907590449,2026-03-09T10:23:36.915139,,,,1.0345561760013353,0.606254047134363,0.9891205081430697
energy-efficiency,CatBoost,regression,2,0.08021630000439472,1.2781000114046037,2026-03-09T10:23:36.999159,,,,0.6092484054583821,0.4431497129563575,0.9964064790718588
energy-efficiency,CatBoost,regression,3,0.07697699998971075,1.2698000064119697,2026-03-09T10:23:37.079508,,,,0.6308518381146551,0.4678009071718027,0.9960398126805892
energy-efficiency,CatBoost,regression,4,0.07404929999029264,1.50830001803115,2026-03-09T10:23:37.156580,,,,0.5659340272419374,0.4131838373212019,0.9964793325682788
energy-efficiency,CatBoost,regression,5,0.07656109999516048,1.3747999910265207,2026-03-09T10:23:37.236597,,,,0.6691973195974957,0.479862860451833,0.9953781618487192
energy-efficiency,CatBoost,regression,6,0.07666180000524037,1.3885999796912074,2026-03-09T10:23:37.316064,,,,0.7292697280084972,0.5053725019262039,0.9946359071414564
energy-efficiency,CatBoost,regression,7,0.0800081999914255,1.4924999850336462,2026-03-09T10:23:37.399479,,,,0.8521501347011085,0.5088319170649463,0.9923805110369552
energy-efficiency,CatBoost,regression,8,0.07886290000169538,1.3522999943234026,2026-03-09T10:23:37.481560,,,,0.6141690743986286,0.4470930779332863,0.9959030345109682
energy-efficiency,CatBoost,regression,9,0.07916510000359267,1.38079997850582,2026-03-09T10:23:37.563916,,,,0.873482916494198,0.5581282602720222,0.9932181968885785
energy-efficiency,TRA_Hard,regression,0,0.5505945999757387,45.98580001038499,2026-03-09T10:23:38.164222,,,,4.654535681947264,3.502925767188297,0.7834001938088371
energy-efficiency,TRA_Hard,regression,1,0.6522895999951288,43.81150001427159,2026-03-09T10:23:38.861590,,,,3.7669023977093574,3.1118077361588323,0.8557654874139773
energy-efficiency,TRA_Hard,regression,2,0.6303144000121392,40.08159998920746,2026-03-09T10:23:39.533225,,,,5.001625406942311,3.6639809739014306,0.7578113976468513
energy-efficiency,TRA_Hard,regression,3,0.6009581999969669,36.46699999808334,2026-03-09T10:23:40.171874,,,,4.243989775110687,3.204227088378416,0.8207704390105957
energy-efficiency,TRA_Hard,regression,4,0.5062546999834012,37.4803000013344,2026-03-09T10:23:40.717876,,,,4.41988445220244,3.4718123036807667,0.7852588767413964
energy-efficiency,TRA_Hard,regression,5,0.5686178999894764,37.1852999960538,2026-03-09T10:23:41.325402,,,,5.33085255578546,4.095258638225433,0.7067083566194522
energy-efficiency,TRA_Hard,regression,6,0.6068248999945354,51.27809999976307,2026-03-09T10:23:41.984884,,,,3.974909586972181,3.068692807605703,0.8406417969319656
energy-efficiency,TRA_Hard,regression,7,0.7873285000096075,39.94109999621287,2026-03-09T10:23:42.813452,,,,6.464798308927544,5.418604367976407,0.5614656967288514
energy-efficiency,TRA_Hard,regression,8,0.5609636000008322,42.36829999717884,2026-03-09T10:23:43.418635,,,,4.19191787892896,3.3661335562634296,0.8091413054086938
energy-efficiency,TRA_Hard,regression,9,0.5951158999814652,43.96330000599846,2026-03-09T10:23:44.059699,,,,5.674744963636271,4.211804960637459,0.7137608441787235
energy-efficiency,TRA_Soft,regression,0,0.5570168000122067,48.060900007840246,2026-03-09T10:23:44.668948,,,,4.517853302706787,3.371008294274548,0.7959345008738229
energy-efficiency,TRA_Soft,regression,1,0.6112090999959037,46.83350000414066,2026-03-09T10:23:45.327823,,,,3.578080408579135,2.9347877126189434,0.8698630427506633
energy-efficiency,TRA_Soft,regression,2,0.7135115999844857,58.21419999119826,2026-03-09T10:23:46.101777,,,,4.305414211489806,3.2225631017618537,0.8205426476293548
energy-efficiency,TRA_Soft,regression,3,0.5962605999957304,43.88479999033734,2026-03-09T10:23:46.744122,,,,4.053562391764907,3.1064635111370875,0.83649361858594
energy-efficiency,TRA_Soft,regression,4,0.5367037999967579,45.20029999548569,2026-03-09T10:23:47.327732,,,,4.079798539386388,3.2580173319962737,0.8170338182573973
energy-efficiency,TRA_Soft,regression,5,0.5797231999749783,44.48800001409836,2026-03-09T10:23:47.952846,,,,5.119915100773182,3.9487183539014814,0.7294597626996339
energy-efficiency,TRA_Soft,regression,6,0.5691026999847963,45.213600009446964,2026-03-09T10:23:48.568724,,,,3.8459562022415623,2.9704576590593295,0.8508138236841484
energy-efficiency,TRA_Soft,regression,7,0.5260132999974303,43.59660000773147,2026-03-09T10:23:49.139424,,,,6.316583718824578,5.371617371233237,0.5813432251671736
energy-efficiency,TRA_Soft,regression,8,0.5145647999888752,46.123000007355586,2026-03-09T10:23:49.701987,,,,3.658113378073701,2.9562484093118524,0.8546547844543452
energy-efficiency,TRA_Soft,regression,9,0.507378600013908,43.51439999300055,2026-03-09T10:23:50.253939,,,,4.7369696308041185,3.4917581333542964,0.8005483896606503
concrete_compressive_strength,RandomForest,regression,0,0.1183796999976039,14.323199982754886,2026-03-09T10:23:50.391871,,,,5.669378668087741,3.872070043789722,0.8752649846368725
concrete_compressive_strength,RandomForest,regression,1,0.108406700019259,24.85829999204725,2026-03-09T10:23:50.526873,,,,5.583891714427158,3.688762375767485,0.9068328014364284
concrete_compressive_strength,RandomForest,regression,2,0.11093429999891669,14.744299987796694,2026-03-09T10:23:50.653897,,,,4.983065701029306,3.1957547363809233,0.9123039803656567
concrete_compressive_strength,RandomForest,regression,3,0.1122453999996651,24.171400000341237,2026-03-09T10:23:50.791919,,,,4.923161365625135,3.58487322371328,0.914039166690273
concrete_compressive_strength,RandomForest,regression,4,0.10897290002321824,24.598800024250522,2026-03-09T10:23:50.926848,,,,4.31787302149814,3.200748185782316,0.9209740631993854
concrete_compressive_strength,RandomForest,regression,5,0.12340939999558032,14.074499980779365,2026-03-09T10:23:51.065576,,,,4.490198162477673,3.2709358714056265,0.9200568767866076
concrete_compressive_strength,RandomForest,regression,6,0.11190990000613965,25.07309999782592,2026-03-09T10:23:51.204027,,,,5.725557170187287,3.8764585316796865,0.868480661008601
concrete_compressive_strength,RandomForest,regression,7,0.12858190000406466,14.372000005096197,2026-03-09T10:23:51.348401,,,,4.401045134518883,3.3227873739614293,0.9248100824353818
concrete_compressive_strength,RandomForest,regression,8,0.1109483000182081,24.799399980111048,2026-03-09T10:23:51.485451,,,,5.798739385577782,3.674274072429994,0.8968508811914858
concrete_compressive_strength,RandomForest,regression,9,0.11029100001906045,14.787499996600673,2026-03-09T10:23:51.611813,,,,4.794969705725358,3.3372481758945467,0.9226814669466021
concrete_compressive_strength,GradientBoosting,regression,0,0.22152890000143088,1.126899995142594,2026-03-09T10:23:51.836813,,,,5.108974131118683,3.2876582656395157,0.8987057340314479
concrete_compressive_strength,GradientBoosting,regression,1,0.20648769999388605,1.0900000052060932,2026-03-09T10:23:52.045894,,,,5.360575036751111,3.266282404871255,0.9141358607184218
concrete_compressive_strength,GradientBoosting,regression,2,0.21549450000748038,1.1491999903228134,2026-03-09T10:23:52.263813,,,,4.741618800580946,2.810510331947021,0.920596448479897
concrete_compressive_strength,GradientBoosting,regression,3,0.23366749999695458,1.1412999883759767,2026-03-09T10:23:52.500812,,,,4.5744698161676896,3.1844613414939684,0.925784604196146
concrete_compressive_strength,GradientBoosting,regression,4,0.2679714999976568,1.1701000039465725,2026-03-09T10:23:52.771241,,,,4.151323268157788,2.8105769318877987,0.9269528919192209
concrete_compressive_strength,GradientBoosting,regression,5,0.24287129999720491,1.1721999908331782,2026-03-09T10:23:53.017242,,,,4.4330566709940875,3.1047272673304454,0.9220786152030213
concrete_compressive_strength,GradientBoosting,regression,6,0.34579849999863654,1.2541000032797456,2026-03-09T10:23:53.365241,,,,5.4885722563160675,3.3735391721241657,0.8791427025657688
concrete_compressive_strength,GradientBoosting,regression,7,0.2849184999940917,1.1566000175662339,2026-03-09T10:23:53.652574,,,,4.475597221561573,3.2021445402092223,0.9222411274649066
concrete_compressive_strength,GradientBoosting,regression,8,0.2547599000099581,1.3829999952577055,2026-03-09T10:23:53.911574,,,,5.341918911565883,3.1515261233012275,0.9124627450373657
concrete_compressive_strength,GradientBoosting,regression,9,0.278594500006875,1.1726999946404248,2026-03-09T10:23:54.192659,,,,4.559271543737299,2.8896266941238915,0.9300958775380166
concrete_compressive_strength,SVM,regression,0,0.01783419999992475,10.38890000199899,2026-03-09T10:23:54.224575,,,,9.432832388218547,7.5154487293827845,0.6546959362736268
concrete_compressive_strength,SVM,regression,1,0.021581499982858077,10.999599995557219,2026-03-09T10:23:54.258848,,,,11.65102449207997,8.96947274264377,0.5943819320765943
concrete_compressive_strength,SVM,regression,2,0.018811499990988523,10.500300006242469,2026-03-09T10:23:54.289849,,,,9.772418355025977,7.729487886986616,0.6627198698234493
concrete_compressive_strength,SVM,regression,3,0.019544999988283962,10.267799982102588,2026-03-09T10:23:54.320850,,,,9.389804210929299,7.365720461905144,0.6873016793426406
concrete_compressive_strength,SVM,regression,4,0.018733100005192682,10.172400012379512,2026-03-09T10:23:54.351848,,,,9.222681005330669,7.258632939672296,0.6394676041514369
concrete_compressive_strength,SVM,regression,5,0.018066399992676452,9.970100014470518,2026-03-09T10:23:54.381847,,,,8.901427071609946,7.1785229541089866,0.6858266291246926
concrete_compressive_strength,SVM,regression,6,0.018275100010214373,10.072799981571734,2026-03-09T10:23:54.411851,,,,9.908543883305317,7.556654347461362,0.6061110651555016
concrete_compressive_strength,SVM,regression,7,0.01911709998967126,10.351800010539591,2026-03-09T10:23:54.442847,,,,9.133691609169455,7.259981512464082,0.6761524232653886
concrete_compressive_strength,SVM,regression,8,0.01953930000308901,10.523200005991384,2026-03-09T10:23:54.474851,,,,11.144978987064073,8.762481419629156,0.6189720369446405
concrete_compressive_strength,SVM,regression,9,0.018622600007802248,10.0897999946028,2026-03-09T10:23:54.505851,,,,10.547080852204685,8.179223117371704,0.6259097227828657
concrete_compressive_strength,KNN,regression,0,0.0008668000227771699,17.38779997685924,2026-03-09T10:23:54.527360,,,,8.54109985588204,6.795931696078802,0.7168966209829439
concrete_compressive_strength,KNN,regression,1,0.0008608000061940402,14.29459999781102,2026-03-09T10:23:54.544872,,,,10.499193910156233,7.725635765333565,0.6706171558730731
concrete_compressive_strength,KNN,regression,2,0.00077039998723194,15.706200007116422,2026-03-09T10:23:54.564115,,,,8.775907499350133,6.654643815034727,0.7279988568164277
concrete_compressive_strength,KNN,regression,3,0.0010265999881085008,15.318499994464219,2026-03-09T10:23:54.582621,,,,8.058749026096876,6.2536535623743195,0.7696714695083806
concrete_compressive_strength,KNN,regression,4,0.0007349999796133488,14.993400021921843,2026-03-09T10:23:54.599740,,,,8.725077639281091,6.716640808402489,0.677322621517167
concrete_compressive_strength,KNN,regression,5,0.0008687000081408769,14.077600004384294,2026-03-09T10:23:54.616294,,,,8.927998109753752,6.986467288857479,0.6839481950389805
concrete_compressive_strength,KNN,regression,6,0.000683899997966364,13.996299996506423,2026-03-09T10:23:54.632495,,,,9.48639244744037,7.508787817693242,0.6389592015619494
concrete_compressive_strength,KNN,regression,7,0.0006774999783374369,13.763299997663125,2026-03-09T10:23:54.648609,,,,7.828629765128875,6.256161304225651,0.7620862879100987
concrete_compressive_strength,KNN,regression,8,0.0007633999921381474,14.610900019761175,2026-03-09T10:23:54.666176,,,,9.104208278100167,6.956538388381655,0.7457372673381868
concrete_compressive_strength,KNN,regression,9,0.0007511000148952007,14.484499988611788,2026-03-09T10:23:54.682756,,,,8.97105641554487,7.032127908636207,0.7293555996677892
concrete_compressive_strength,MLP,regression,0,1.7725697999994736,0.4349999944679439,2026-03-09T10:23:56.457926,,,,5.661560680705488,4.164199893543707,0.8756087628377224
concrete_compressive_strength,MLP,regression,1,1.7255121000052895,0.4799000162165612,2026-03-09T10:23:58.185170,,,,5.942527285966814,4.335827760557734,0.8944808143905838
concrete_compressive_strength,MLP,regression,2,1.7338235000206623,0.45200000749900937,2026-03-09T10:23:59.920827,,,,5.583576206377134,4.046135554150849,0.889893856624662
concrete_compressive_strength,MLP,regression,3,1.6245137999940198,0.4490999854169786,2026-03-09T10:24:01.547362,,,,5.625438424640978,4.089068981377665,0.8877657972454125
concrete_compressive_strength,MLP,regression,4,1.7277534999884665,0.44490001164376736,2026-03-09T10:24:03.276729,,,,5.087781104986602,3.790340520066399,0.8902797582552926
concrete_compressive_strength,MLP,regression,5,1.7332663999986835,0.5270999972708523,2026-03-09T10:24:05.012776,,,,5.202414143962074,3.914574491809563,0.8926851212825029
concrete_compressive_strength,MLP,regression,6,1.746022899984382,0.48469999455846846,2026-03-09T10:24:06.760334,,,,5.728559733012147,4.311467856035979,0.8683426836518005
concrete_compressive_strength,MLP,regression,7,1.741879900015192,0.4970999725628644,2026-03-09T10:24:08.504088,,,,5.062382466768157,3.9068199877116694,0.9005149390295846
concrete_compressive_strength,MLP,regression,8,1.7353554000146687,0.41379997855983675,2026-03-09T10:24:10.240501,,,,6.084993482788478,4.589413843179836,0.8864156293796067
concrete_compressive_strength,MLP,regression,9,1.7377283000096213,0.4394999996293336,2026-03-09T10:24:11.980448,,,,5.560136863831926,3.968816215793002,0.8960360350316109
concrete_compressive_strength,XGBoost,regression,0,0.0866941999993287,1.0002999915741384,2026-03-09T10:24:12.071088,,,,4.963428919002439,3.2252341731557506,0.9043948982976144
concrete_compressive_strength,XGBoost,regression,1,0.06817730001057498,0.8668999944347888,2026-03-09T10:24:12.142088,,,,5.25819552526571,3.16849333356159,0.9173843119543423
concrete_compressive_strength,XGBoost,regression,2,0.07405610001296736,1.0020000045187771,2026-03-09T10:24:12.220089,,,,4.674488462595346,2.8381533592852937,0.9228288735253225
concrete_compressive_strength,XGBoost,regression,3,0.0688228000071831,0.9301999816671014,2026-03-09T10:24:12.292088,,,,4.129957130578997,2.9039566642562913,0.9395072173169919
concrete_compressive_strength,XGBoost,regression,4,0.07363359999726526,0.9496999846305698,2026-03-09T10:24:12.368160,,,,4.509137264627353,3.035158825617452,0.9138179477486286
concrete_compressive_strength,XGBoost,regression,5,0.06587799999397248,0.9218000050168484,2026-03-09T10:24:12.438225,,,,4.03044304935748,2.881708887136633,0.9355896478728319
concrete_compressive_strength,XGBoost,regression,6,0.07026249999762513,0.9370000043418258,2026-03-09T10:24:12.511225,,,,5.287863165823195,3.386946509324861,0.88782023569034
concrete_compressive_strength,XGBoost,regression,7,0.0667165000049863,0.9283999970648438,2026-03-09T10:24:12.581225,,,,4.263719079198291,3.0908327458632274,0.9294291855580625
concrete_compressive_strength,XGBoost,regression,8,0.07120140001643449,1.0617000225465745,2026-03-09T10:24:12.656025,,,,5.511806075458355,3.2769896325759653,0.9068063762056748
concrete_compressive_strength,XGBoost,regression,9,0.07758720000856556,0.9031000081449747,2026-03-09T10:24:12.736534,,,,4.44834110642346,2.9163147156790776,0.9334561330144364
concrete_compressive_strength,LightGBM,regression,0,0.02127569998265244,1.3881000049877912,2026-03-09T10:24:12.763535,,,,4.771910025847039,3.3526113363638075,0.9116305916618533
concrete_compressive_strength,LightGBM,regression,1,0.02625840000109747,1.4304999785963446,2026-03-09T10:24:12.794010,,,,5.280056809137898,3.493131943235835,0.9166959239106197
concrete_compressive_strength,LightGBM,regression,2,0.021929999988060445,1.3079000054858625,2026-03-09T10:24:12.819892,,,,4.924505480379201,3.044581696383359,0.9143530492617645
concrete_compressive_strength,LightGBM,regression,3,0.020082700008060783,1.1488999880384654,2026-03-09T10:24:12.842891,,,,4.560625327444077,3.2385012654565966,0.9262331455320367
concrete_compressive_strength,LightGBM,regression,4,0.018669399985810742,0.8106000022962689,2026-03-09T10:24:12.863891,,,,3.8549491570029155,2.846594946120972,0.9370106352320414
concrete_compressive_strength,LightGBM,regression,5,0.019209699996281415,0.8642000029794872,2026-03-09T10:24:12.885897,,,,4.207878622442753,3.146005045518628,0.9297936324224964
concrete_compressive_strength,LightGBM,regression,6,0.018510099995182827,0.8535999804735184,2026-03-09T10:24:12.905892,,,,5.185655028205178,3.3704062519999414,0.8921149291696906
concrete_compressive_strength,LightGBM,regression,7,0.02032009998220019,1.1004999978467822,2026-03-09T10:24:12.928891,,,,4.065778841735533,2.9799633954114575,0.9358294935718877
concrete_compressive_strength,LightGBM,regression,8,0.01697629998670891,0.8016999927349389,2026-03-09T10:24:12.948891,,,,5.367288512119556,3.3874575982991764,0.9116293147081921
concrete_compressive_strength,LightGBM,regression,9,0.017733000015141442,1.0551000013947487,2026-03-09T10:24:12.968894,,,,4.464752474248222,3.1424919660239956,0.9329642236208826
concrete_compressive_strength,CatBoost,regression,0,0.16727740000351332,1.3180000241845846,2026-03-09T10:24:13.140478,,,,4.849171458471168,3.499298939807913,0.9087458687496259
concrete_compressive_strength,CatBoost,regression,1,0.1550062999885995,1.3325999898370355,2026-03-09T10:24:13.299422,,,,5.641577241644296,3.7767006735833015,0.9048978929873772
concrete_compressive_strength,CatBoost,regression,2,0.14889299997594208,1.3358000142034143,2026-03-09T10:24:13.450650,,,,4.758648199945115,3.260290498496414,0.9200250727397651
concrete_compressive_strength,CatBoost,regression,3,0.14831390001927502,1.3411999971140176,2026-03-09T10:24:13.602044,,,,4.530743707957544,3.45227948994283,0.9271966326077591
concrete_compressive_strength,CatBoost,regression,4,0.14651929997489788,1.6465999942738563,2026-03-09T10:24:13.753020,,,,4.184855277924546,3.184075998765215,0.9257680606385319
concrete_compressive_strength,CatBoost,regression,5,0.15515989999403246,1.3162999821361154,2026-03-09T10:24:13.911757,,,,4.409298378064856,3.359824766993745,0.92291159271635
concrete_compressive_strength,CatBoost,regression,6,0.15819409998948686,1.4395999896805733,2026-03-09T10:24:14.072735,,,,5.4858857747699155,3.7662956579150575,0.8792609852169316
concrete_compressive_strength,CatBoost,regression,7,0.15225069998996332,1.3692000065930188,2026-03-09T10:24:14.228822,,,,3.849892114381333,2.993185116414891,0.9424632823527616
concrete_compressive_strength,CatBoost,regression,8,0.15020849998109043,1.4221000019460917,2026-03-09T10:24:14.381822,,,,5.710402412172634,3.9222669209463996,0.8999696544177511
concrete_compressive_strength,CatBoost,regression,9,0.18574459999217652,1.4759000041522086,2026-03-09T10:24:14.570562,,,,4.902961906552728,3.5118063868456373,0.9191595153782752
concrete_compressive_strength,TRA_Hard,regression,0,0.6616286000062246,111.88310000579804,2026-03-09T10:24:15.347837,,,,10.781204450975919,8.257705434812744,0.5489216136365077
concrete_compressive_strength,TRA_Hard,regression,1,0.738315299997339,125.67149999085814,2026-03-09T10:24:16.213420,,,,10.070059150426976,8.029728192706186,0.6969926908078715
concrete_compressive_strength,TRA_Hard,regression,2,0.732292700005928,133.92179997754283,2026-03-09T10:24:17.080368,,,,9.169955731552484,6.957570845253503,0.7030241503597049
concrete_compressive_strength,TRA_Hard,regression,3,0.718441700009862,148.95070000784472,2026-03-09T10:24:17.950189,,,,9.424867521362668,7.177502420604804,0.6849619693091951
concrete_compressive_strength,TRA_Hard,regression,4,0.7669947999820579,158.12870001536794,2026-03-09T10:24:18.876094,,,,7.833371154968863,6.386410578028386,0.7399077998032004
concrete_compressive_strength,TRA_Hard,regression,5,0.7627629000053275,168.70989999733865,2026-03-09T10:24:19.809047,,,,8.606875282833707,7.003585705403872,0.7062748627327805
concrete_compressive_strength,TRA_Hard,regression,6,0.8452255000011064,182.26709999726154,2026-03-09T10:24:20.837957,,,,9.962900937564791,7.362429610948808,0.6017775585307996
concrete_compressive_strength,TRA_Hard,regression,7,0.8317297000030521,192.2054000024218,2026-03-09T10:24:21.863642,,,,8.075519017887888,6.51103011849162,0.7468436343519915
concrete_compressive_strength,TRA_Hard,regression,8,0.9181109000055585,201.0387000045739,2026-03-09T10:24:22.985051,,,,9.057303299228545,6.843934158364632,0.748350447049229
concrete_compressive_strength,TRA_Hard,regression,9,0.9441160999995191,255.07939999806695,2026-03-09T10:24:24.184892,,,,10.282090542788186,8.004100202581109,0.6444712563980011
concrete_compressive_strength,TRA_Soft,regression,0,0.6317451000213623,117.7241999830585,2026-03-09T10:24:24.939085,,,,9.13493186209682,7.054503552662992,0.676161798514396
concrete_compressive_strength,TRA_Soft,regression,1,0.7062527999805752,131.01320000714622,2026-03-09T10:24:25.777632,,,,8.607382586432601,6.87790994262607,0.7786236227839352
concrete_compressive_strength,TRA_Soft,regression,2,0.7170733000093605,146.14549998077564,2026-03-09T10:24:26.642172,,,,8.60999116743634,6.505380043303243,0.7381864815023202
concrete_compressive_strength,TRA_Soft,regression,3,0.6899027000181377,87.41760000702925,2026-03-09T10:24:27.421083,,,,8.881691613067836,6.872282918311972,0.7202282530507105
concrete_compressive_strength,TRA_Soft,regression,4,0.7315497000236064,154.91959999781102,2026-03-09T10:24:28.308829,,,,7.918826213777613,6.201111251012896,0.734202101004754
concrete_compressive_strength,TRA_Soft,regression,5,0.7164057999907527,168.74389999429695,2026-03-09T10:24:29.196663,,,,8.766617159948817,6.424614669777283,0.695270725222539
concrete_compressive_strength,TRA_Soft,regression,6,0.8167025999864563,176.53309999150224,2026-03-09T10:24:30.190417,,,,8.173166843621843,6.266807894095482,0.7319999744054297
concrete_compressive_strength,TRA_Soft,regression,7,0.7814713999978267,190.22509999922477,2026-03-09T10:24:31.163600,,,,7.583070043456951,5.9742016903308635,0.776777432646478
concrete_compressive_strength,TRA_Soft,regression,8,0.8903530999959912,203.84659999399446,2026-03-09T10:24:32.259344,,,,8.490081739811846,6.529214842990444,0.7788830251308861
concrete_compressive_strength,TRA_Soft,regression,9,0.9250111999863293,209.29850000538863,2026-03-09T10:24:33.395220,,,,8.288907166753976,6.647803309683426,0.7689497612022264
yacht_hydrodynamics,RandomForest,regression,0,0.086595100001432,13.99219999439083,2026-03-09T10:24:33.502141,,,,0.5130241149680105,0.29629903225806437,0.9982286894940102
yacht_hydrodynamics,RandomForest,regression,1,0.08790099999168888,14.016200002515689,2026-03-09T10:24:33.605444,,,,1.5305957048822354,0.7349865898617516,0.9929264036056203
yacht_hydrodynamics,RandomForest,regression,2,0.08790230000158772,13.880399987101555,2026-03-09T10:24:33.708440,,,,0.9472194938908571,0.520602016129033,0.996738458761198
yacht_hydrodynamics,RandomForest,regression,3,0.08732580000651069,14.075500017497689,2026-03-09T10:24:33.811033,,,,1.119319154884703,0.5266404371584699,0.994039249559526
yacht_hydrodynamics,RandomForest,regression,4,0.08819789998233318,13.998800015542656,2026-03-09T10:24:33.914508,,,,1.0461188859268373,0.5078341920374712,0.9925361987238757
yacht_hydrodynamics,RandomForest,regression,5,0.0888068999920506,13.816999999107793,2026-03-09T10:24:34.018486,,,,1.1504844919645032,0.6259476958525334,0.9945190535412352
yacht_hydrodynamics,RandomForest,regression,6,0.08056930001475848,14.199899975210428,2026-03-09T10:24:34.114566,,,,1.3897910938396896,0.6786451612903205,0.9916175657672345
yacht_hydrodynamics,RandomForest,regression,7,0.08501149999210611,13.914200011640787,2026-03-09T10:24:34.214994,,,,0.62278711441313,0.3784362903225826,0.9980129385487871
yacht_hydrodynamics,RandomForest,regression,8,0.0821808000036981,13.747999997576699,2026-03-09T10:24:34.312359,,,,1.38843932344747,0.671607923497268,0.9937988819092969
yacht_hydrodynamics,RandomForest,regression,9,0.08099359998595901,13.72419999097474,2026-03-09T10:24:34.408398,,,,0.7657183475163253,0.36043825136611946,0.9961855845614559
yacht_hydrodynamics,GradientBoosting,regression,0,0.06568079997668974,0.58970000827685,2026-03-09T10:24:34.476279,,,,0.5509574456383151,0.27896353828496506,0.9979570616933765
yacht_hydrodynamics,GradientBoosting,regression,1,0.06107769999653101,0.595899997279048,2026-03-09T10:24:34.539278,,,,1.7380166614811992,0.900613776914563,0.9908793210948155
yacht_hydrodynamics,GradientBoosting,regression,2,0.060370300023350865,0.5415999912656844,2026-03-09T10:24:34.601278,,,,1.6617462108731174,0.7170198558729829,0.9899619116494272
yacht_hydrodynamics,GradientBoosting,regression,3,0.06038390001049265,0.5615999980363995,2026-03-09T10:24:34.663278,,,,1.0740973749993772,0.5601924368085848,0.9945111624403702
yacht_hydrodynamics,GradientBoosting,regression,4,0.06034309999085963,0.5357000045478344,2026-03-09T10:24:34.725278,,,,0.9946050365317747,0.4532087106055362,0.9932531774043613
yacht_hydrodynamics,GradientBoosting,regression,5,0.06233980000251904,0.5982999864500016,2026-03-09T10:24:34.789358,,,,1.1816639378619662,0.6317717093659259,0.9942179481009163
yacht_hydrodynamics,GradientBoosting,regression,6,0.06100829999195412,0.5411000165622681,2026-03-09T10:24:34.852358,,,,1.1404864027136994,0.536303818275475,0.9943551639873053
yacht_hydrodynamics,GradientBoosting,regression,7,0.06041269999695942,0.5559000128414482,2026-03-09T10:24:34.914355,,,,0.8125487586497742,0.41902279150082145,0.996617553595968
yacht_hydrodynamics,GradientBoosting,regression,8,0.06163159999414347,0.5357000045478344,2026-03-09T10:24:34.978365,,,,1.469715929007258,0.7207061478601273,0.9930516290864254
yacht_hydrodynamics,GradientBoosting,regression,9,0.06096910001360811,0.530999997863546,2026-03-09T10:24:35.040371,,,,1.1031878711553154,0.44310576172909877,0.9920824859731019
yacht_hydrodynamics,SVM,regression,0,0.0020409999997355044,0.8133999945130199,2026-03-09T10:24:35.046365,,,,9.474533412637733,3.6783561580348327,0.39586387970735526
yacht_hydrodynamics,SVM,regression,1,0.0019878000020980835,0.7820000173524022,2026-03-09T10:24:35.050361,,,,16.154603750541398,8.662718963744396,0.21202594994633528
yacht_hydrodynamics,SVM,regression,2,0.0019514999876264483,0.7795999990776181,2026-03-09T10:24:35.054357,,,,14.579380103687884,7.0491891517803955,0.22731988288933258
yacht_hydrodynamics,SVM,regression,3,0.0020021000236738473,0.7755000260658562,2026-03-09T10:24:35.057386,,,,12.277190074831557,6.165662588142351,0.2828813339648423
yacht_hydrodynamics,SVM,regression,4,0.0021225999807938933,0.9292000031564385,2026-03-09T10:24:35.062357,,,,9.078025322862537,4.269061059307531,0.4379424806953428
yacht_hydrodynamics,SVM,regression,5,0.0020724999776575714,0.8475000213366002,2026-03-09T10:24:35.066371,,,,12.529559145060782,5.869140980469518,0.349921799482534
yacht_hydrodynamics,SVM,regression,6,0.0023210000072140247,0.9690999868325889,2026-03-09T10:24:35.071277,,,,13.065828455626574,6.691927703350312,0.2591248809541584
yacht_hydrodynamics,SVM,regression,7,0.0022902000055182725,0.8298000029753894,2026-03-09T10:24:35.076290,,,,11.408298726020801,5.52715484390702,0.33323340928956735
yacht_hydrodynamics,SVM,regression,8,0.0021609000104945153,0.8013999904505908,2026-03-09T10:24:35.080275,,,,15.549002075143301,7.564048365943369,0.2222836408640927
yacht_hydrodynamics,SVM,regression,9,0.0021444000012706965,0.8670999959576875,2026-03-09T10:24:35.084275,,,,9.669945461588638,4.128115622874533,0.39167182148071955
yacht_hydrodynamics,KNN,regression,0,0.0003884999896399677,14.799299999140203,2026-03-09T10:24:35.102618,,,,8.745341465879916,3.7918387096774198,0.4852780586024823
yacht_hydrodynamics,KNN,regression,1,0.0006776000082027167,15.921999991405755,2026-03-09T10:24:35.120715,,,,13.894850763571931,7.960870967741934,0.4170556882740396
yacht_hydrodynamics,KNN,regression,2,0.0004894000012427568,14.643100003013387,2026-03-09T10:24:35.137368,,,,12.141198723833362,6.411354838709679,0.46414812504445224
yacht_hydrodynamics,KNN,regression,3,0.0004050999996252358,13.701299991225824,2026-03-09T10:24:35.152936,,,,11.00391768983166,5.557409836065573,0.42391345224389865
yacht_hydrodynamics,KNN,regression,4,0.00038740001036785543,13.84989998769015,2026-03-09T10:24:35.168451,,,,7.953766242643981,4.437016393442622,0.5685369304888465
yacht_hydrodynamics,KNN,regression,5,0.00035940000088885427,14.261499978601933,2026-03-09T10:24:35.184054,,,,10.581411933958956,5.909129032258064,0.5363596069569383
yacht_hydrodynamics,KNN,regression,6,0.00041900001815520227,13.70319997658953,2026-03-09T10:24:35.199460,,,,10.051741174799583,5.484322580645161,0.5615160506081893
yacht_hydrodynamics,KNN,regression,7,0.0003606000100262463,13.904299994464964,2026-03-09T10:24:35.215250,,,,9.64567005649217,4.911354838709678,0.523352997889929
yacht_hydrodynamics,KNN,regression,8,0.00035600000410340726,13.781399989966303,2026-03-09T10:24:35.230606,,,,12.110509907906774,5.997508196721312,0.5282183445602554
yacht_hydrodynamics,KNN,regression,9,0.00035990000469610095,13.45900000887923,2026-03-09T10:24:35.245589,,,,8.912121908840385,4.650459016393444,0.4832837475072296
yacht_hydrodynamics,MLP,regression,0,0.5663467999838758,0.20000000949949026,2026-03-09T10:24:35.813704,,,,1.0181012557678621,0.5022544229875512,0.9930240865270362
yacht_hydrodynamics,MLP,regression,1,0.5692549000086728,0.21379999816417694,2026-03-09T10:24:36.384351,,,,1.6505116744304427,0.8927948038244464,0.9917746100404475
yacht_hydrodynamics,MLP,regression,2,0.5682340999774169,0.21430000197142363,2026-03-09T10:24:36.954187,,,,1.7186311971909736,0.8977676630701522,0.989262899912403
yacht_hydrodynamics,MLP,regression,3,0.5606119000003673,0.22570000146515667,2026-03-09T10:24:37.516294,,,,1.7840019181942182,0.9934224837747345,0.9848579839648972
yacht_hydrodynamics,MLP,regression,4,0.5627540000132285,0.20859998767264187,2026-03-09T10:24:38.080514,,,,0.8396826950522804,0.48309404042359483,0.9951912921961636
yacht_hydrodynamics,MLP,regression,5,0.5597104000044055,0.21189998369663954,2026-03-09T10:24:38.642025,,,,1.207332612797711,0.614258673803885,0.9939640186961631
yacht_hydrodynamics,MLP,regression,6,0.5625442999880761,0.21120000747032464,2026-03-09T10:24:39.205819,,,,1.4005257860087015,0.8162976302265075,0.9914875744850464
yacht_hydrodynamics,MLP,regression,7,0.566139500006102,0.19959997734986246,2026-03-09T10:24:39.773140,,,,1.4733211660615058,0.7698714494054364,0.9888794333434849
yacht_hydrodynamics,MLP,regression,8,0.5656058000167832,0.20530002075247467,2026-03-09T10:24:40.340110,,,,1.5747219201766949,0.8751888591246478,0.9920232875393147
yacht_hydrodynamics,MLP,regression,9,0.5641778999997769,0.20979999681003392,2026-03-09T10:24:40.906566,,,,1.1170466538899875,0.5593443930625571,0.9918823091360779
yacht_hydrodynamics,XGBoost,regression,0,0.04066239998792298,0.902600004337728,2026-03-09T10:24:40.950841,,,,0.44057641734501835,0.20972241006070566,0.9986936437333936
yacht_hydrodynamics,XGBoost,regression,1,0.02762169999186881,0.7175999926403165,2026-03-09T10:24:40.980841,,,,1.1906377175112155,0.5741478880182388,0.9957196570400476
yacht_hydrodynamics,XGBoost,regression,2,0.028337499999906868,0.7767000060994178,2026-03-09T10:24:41.011305,,,,0.8320258552359013,0.36281669803204075,0.9974835096813991
yacht_hydrodynamics,XGBoost,regression,3,0.026129000005312264,0.6855999818071723,2026-03-09T10:24:41.040305,,,,0.8779213896603753,0.42471166225241824,0.9963330555719623
yacht_hydrodynamics,XGBoost,regression,4,0.027041699999244884,0.6864000170025975,2026-03-09T10:24:41.069305,,,,0.8110216676507079,0.3677318750737144,0.9955139625281978
yacht_hydrodynamics,XGBoost,regression,5,0.02724500000476837,0.7358999864663929,2026-03-09T10:24:41.099305,,,,0.8859346363539454,0.4592075819450037,0.9967498950584106
yacht_hydrodynamics,XGBoost,regression,6,0.028107899997849017,0.7499000057578087,2026-03-09T10:24:41.130307,,,,0.8613898806612031,0.4801722360330241,0.9967798905221936
yacht_hydrodynamics,XGBoost,regression,7,0.028209099982632324,0.7424000068567693,2026-03-09T10:24:41.161306,,,,0.5965426166610152,0.3303543773798211,0.9981768810251419
yacht_hydrodynamics,XGBoost,regression,8,0.028117000008933246,0.7137999928090721,2026-03-09T10:24:41.191308,,,,1.043192006093662,0.4694365288048493,0.9964993822368727
yacht_hydrodynamics,XGBoost,regression,9,0.028438400011509657,0.6899000145494938,2026-03-09T10:24:41.222305,,,,0.740906777990263,0.28769714553825204,0.9964287765859252
yacht_hydrodynamics,LightGBM,regression,0,0.010335500002838671,1.123800000641495,2026-03-09T10:24:41.237628,,,,2.9068936292878718,1.0032603140549514,0.9431307606946345
yacht_hydrodynamics,LightGBM,regression,1,0.010583700001006946,1.0768000211101025,2026-03-09T10:24:41.250818,,,,5.153898415449662,2.7120650515196676,0.9197969278465595
yacht_hydrodynamics,LightGBM,regression,2,0.010693300020648167,1.1489000171422958,2026-03-09T10:24:41.264818,,,,4.147006221228005,2.0375919047021602,0.9374840272423345
yacht_hydrodynamics,LightGBM,regression,3,0.011014999996405095,1.2257999915163964,2026-03-09T10:24:41.279606,,,,3.8123304785428846,1.576643859453714,0.93085287143589
yacht_hydrodynamics,LightGBM,regression,4,0.010017399996286258,1.0087999980896711,2026-03-09T10:24:41.291600,,,,0.855128296816147,0.4496705016670844,0.9950127569002485
yacht_hydrodynamics,LightGBM,regression,5,0.008432700007688254,0.8730000117793679,2026-03-09T10:24:41.302602,,,,4.237441967390664,1.8608212307975807,0.9256464773794879
yacht_hydrodynamics,LightGBM,regression,6,0.00966460001654923,1.0593000042717904,2026-03-09T10:24:41.315605,,,,3.9634976571773435,1.7361291782072266,0.9318245021900039
yacht_hydrodynamics,LightGBM,regression,7,0.008512700005667284,0.9278999932575971,2026-03-09T10:24:41.326601,,,,3.958314561969252,1.668776262612515,0.9197301096818061
yacht_hydrodynamics,LightGBM,regression,8,0.01003790000686422,0.8433000184595585,2026-03-09T10:24:41.339599,,,,4.694369877925992,2.1087756150356896,0.9291123136048135
yacht_hydrodynamics,LightGBM,regression,9,0.009337399998912588,0.5844999977853149,2026-03-09T10:24:41.350583,,,,0.5170732037078589,0.29550707697316486,0.9982606220972151
yacht_hydrodynamics,CatBoost,regression,0,0.06388450000667945,1.2904000177513808,2026-03-09T10:24:41.419482,,,,1.4693067118153464,0.6331249482968123,0.9854707209880117
yacht_hydrodynamics,CatBoost,regression,1,0.05895330000203103,1.0124999971594661,2026-03-09T10:24:41.480566,,,,2.5275447866072183,1.2315388402521452,0.9807106756790904
yacht_hydrodynamics,CatBoost,regression,2,0.05481349999899976,0.9788000024855137,2026-03-09T10:24:41.537681,,,,1.5454732316586608,0.8543479129618423,0.9913175039573382
yacht_hydrodynamics,CatBoost,regression,3,0.055913599993800744,1.1226000206079334,2026-03-09T10:24:41.597197,,,,1.7928319875575063,0.7120430152358783,0.9847077196150765
yacht_hydrodynamics,CatBoost,regression,4,0.057116399984806776,1.0746000043582171,2026-03-09T10:24:41.657055,,,,1.3341959115960462,0.6837970519088739,0.9878594826612745
yacht_hydrodynamics,CatBoost,regression,5,0.05232760001672432,1.0771999950520694,2026-03-09T10:24:41.712754,,,,1.7836393399285864,0.7889219320636255,0.9868262897555442
yacht_hydrodynamics,CatBoost,regression,6,0.05045330000575632,1.0378999868407845,2026-03-09T10:24:41.765972,,,,1.4932017362241197,0.6925558475553867,0.9903237277606253
yacht_hydrodynamics,CatBoost,regression,7,0.051206199976149946,1.0406000073999166,2026-03-09T10:24:41.819962,,,,1.127150993592556,0.6172284944793567,0.9934912699747679
yacht_hydrodynamics,CatBoost,regression,8,0.05159200000343844,1.0339999862480909,2026-03-09T10:24:41.874392,,,,2.841025296102013,1.1798199775544775,0.9740363113462305
yacht_hydrodynamics,CatBoost,regression,9,0.050913000013679266,1.021499978378415,2026-03-09T10:24:41.927578,,,,1.5069159966461392,0.6335609791851412,0.9852270247256018
yacht_hydrodynamics,TRA_Hard,regression,0,0.49207310000201687,102.46570000890642,2026-03-09T10:24:42.524086,,,,7.268824934651449,3.7029957306609487,0.6444116226028108
yacht_hydrodynamics,TRA_Hard,regression,1,0.5285721000109334,132.56589998491108,2026-03-09T10:24:43.187516,,,,8.069164833613861,5.797462209638794,0.803403188524204
yacht_hydrodynamics,TRA_Hard,regression,2,0.5257383999996819,114.09849999472499,2026-03-09T10:24:43.827850,,,,6.683679424985765,3.864863144394447,0.8376124079138261
yacht_hydrodynamics,TRA_Hard,regression,3,0.5251777000084985,129.648999980418,2026-03-09T10:24:44.484972,,,,6.0628244031186895,3.3277628290329044,0.8251188309709864
yacht_hydrodynamics,TRA_Hard,regression,4,0.5960136000066996,144.98720000847243,2026-03-09T10:24:45.227355,,,,7.862906670339742,4.935341156427058,0.5783382332397919
yacht_hydrodynamics,TRA_Hard,regression,5,0.5608340000035241,145.46090000658296,2026-03-09T10:24:45.934635,,,,8.337150591676973,4.124431283686132,0.7121744693800687
yacht_hydrodynamics,TRA_Hard,regression,6,0.6112183000077493,152.999899990391,2026-03-09T10:24:46.699830,,,,4.969369293815927,3.0665933343127154,0.8928298964374399
yacht_hydrodynamics,TRA_Hard,regression,7,0.6085562000225764,145.64259999315254,2026-03-09T10:24:47.456025,,,,3.4352550401037067,2.2488317256271784,0.9395425211791139
yacht_hydrodynamics,TRA_Hard,regression,8,0.6276330999971833,161.7547000059858,2026-03-09T10:24:48.247449,,,,6.4466090334409065,3.910494411395689,0.8663161771747143
yacht_hydrodynamics,TRA_Hard,regression,9,0.6401249000045937,187.16619999031536,2026-03-09T10:24:49.075666,,,,5.8849969008300835,3.974224680004594,0.7746890173917103
yacht_hydrodynamics,TRA_Soft,regression,0,0.48703709998517297,105.67960000480525,2026-03-09T10:24:49.672390,,,,5.555786867652649,2.9391714880591846,0.7922647042484947
yacht_hydrodynamics,TRA_Soft,regression,1,0.5250038999947719,117.94389999704435,2026-03-09T10:24:50.317112,,,,6.613703006719691,4.848452404383182,0.8679286330027638
yacht_hydrodynamics,TRA_Soft,regression,2,0.4975677999900654,126.39520000084303,2026-03-09T10:24:50.942729,,,,4.54787040226378,2.6824767787153347,0.9248138615222108
yacht_hydrodynamics,TRA_Soft,regression,3,0.5213011000014376,136.41949999146163,2026-03-09T10:24:51.601543,,,,4.2022596445916305,2.8564708649270516,0.9159846128548664
yacht_hydrodynamics,TRA_Soft,regression,4,0.5542036999831907,146.18569999583997,2026-03-09T10:24:52.303791,,,,3.6493167201489247,2.6409536699283382,0.9091717186808826
yacht_hydrodynamics,TRA_Soft,regression,5,0.5652040999848396,155.82819998962805,2026-03-09T10:24:53.025522,,,,2.706963425686842,2.0235292094485042,0.969656980394573
yacht_hydrodynamics,TRA_Soft,regression,6,0.5881957999954466,169.88129998208024,2026-03-09T10:24:53.784983,,,,5.497959231357692,3.0641238799739567,0.8688180336666673
yacht_hydrodynamics,TRA_Soft,regression,7,0.6372568999940995,177.1506000077352,2026-03-09T10:24:54.601792,,,,3.2755853084448847,2.342414363337819,0.9450320056887554
yacht_hydrodynamics,TRA_Soft,regression,8,0.6118270000151824,185.80069998279214,2026-03-09T10:24:55.400959,,,,6.0316148268069085,3.1652911177120653,0.8829737222798045
yacht_hydrodynamics,TRA_Soft,regression,9,0.6447437000169884,198.06290001724847,2026-03-09T10:24:56.244366,,,,5.19652275409727,2.6452684958500794,0.8243227392006474
airfoil_self_noise,RandomForest,regression,0,0.10919630000717007,14.236100018024445,2026-03-09T10:24:56.373407,,,,1.8432834576486457,1.3182782617415059,0.9321798333938669
airfoil_self_noise,RandomForest,regression,1,0.09858279998297803,23.801700008334592,2026-03-09T10:24:56.497398,,,,1.613766122188627,1.2083197714872282,0.9392496232231476
airfoil_self_noise,RandomForest,regression,2,0.103780099976575,14.003700023749843,2026-03-09T10:24:56.616967,,,,1.7301707306230105,1.301721135436241,0.9403534997257482
airfoil_self_noise,RandomForest,regression,3,0.09613379999063909,24.862199992639944,2026-03-09T10:24:56.739116,,,,1.9361056451536482,1.3138374999130598,0.9241189197018621
airfoil_self_noise,RandomForest,regression,4,0.1013360999932047,24.059400020632893,2026-03-09T10:24:56.865934,,,,2.0383956134519012,1.4302859332176716,0.9073667846387377
airfoil_self_noise,RandomForest,regression,5,0.10659630000009201,24.201199994422495,2026-03-09T10:24:56.998545,,,,1.6995377482867653,1.2424274670159439,0.9396222126185559
airfoil_self_noise,RandomForest,regression,6,0.09966770000755787,24.499299994204193,2026-03-09T10:24:57.124189,,,,1.747505083628831,1.293432207064457,0.933143293021186
airfoil_self_noise,RandomForest,regression,7,0.0984996999904979,24.87339999061078,2026-03-09T10:24:57.249264,,,,1.6757282549534473,1.20768487281028,0.9378538108157617
airfoil_self_noise,RandomForest,regression,8,0.09754770001745783,24.2376999813132,2026-03-09T10:24:57.372040,,,,1.7322894039094832,1.2234963717476748,0.9435294344880091
airfoil_self_noise,RandomForest,regression,9,0.10210360001656227,24.286999978357926,2026-03-09T10:24:57.499894,,,,1.7207416607128099,1.2556215330693428,0.9344401669386525
airfoil_self_noise,GradientBoosting,regression,0,0.12532509997254238,1.360399997793138,2026-03-09T10:24:57.628925,,,,1.5644189150490764,1.1103546643404127,0.9511481834313298
airfoil_self_noise,GradientBoosting,regression,1,0.12112589998287149,1.2962000037077814,2026-03-09T10:24:57.752925,,,,1.6453254740725327,1.1382926010595447,0.9368502797120595
airfoil_self_noise,GradientBoosting,regression,2,0.12117519997991621,1.358800014713779,2026-03-09T10:24:57.876925,,,,1.7076729108923847,1.1698525737456,0.9418946095827155
airfoil_self_noise,GradientBoosting,regression,3,0.12093040000763722,1.292100001592189,2026-03-09T10:24:57.999923,,,,1.7250745059435002,1.1585910209678885,0.9397591464582365
airfoil_self_noise,GradientBoosting,regression,4,0.11989690002519637,1.338500005658716,2026-03-09T10:24:58.122924,,,,1.9386859700100303,1.2924441220047553,0.9162075822792257
airfoil_self_noise,GradientBoosting,regression,5,0.11951290001161397,1.3130000152159482,2026-03-09T10:24:58.244925,,,,1.567082542328421,1.1208877408833877,0.948666685296349
airfoil_self_noise,GradientBoosting,regression,6,0.12446550000458956,1.3633999915327877,2026-03-09T10:24:58.372418,,,,1.4998247357752112,1.0974584714863755,0.9507519419784082
airfoil_self_noise,GradientBoosting,regression,7,0.12068650001310743,1.2588999816216528,2026-03-09T10:24:58.495418,,,,1.424375109173322,0.9871806150825496,0.955098994206122
airfoil_self_noise,GradientBoosting,regression,8,0.12089050002396107,1.38980001793243,2026-03-09T10:24:58.618417,,,,1.6938034897395575,1.131941430768216,0.9460107510832829
airfoil_self_noise,GradientBoosting,regression,9,0.12009040001430549,1.2710000155493617,2026-03-09T10:24:58.741416,,,,1.6345235525924782,1.1529318288655066,0.9408453542576439
airfoil_self_noise,SVM,regression,0,0.0375050000147894,17.48569999472238,2026-03-09T10:24:58.800124,,,,3.7213176492409095,2.8315718192268338,0.7235808758392598
airfoil_self_noise,SVM,regression,1,0.03412430000025779,17.246500006876886,2026-03-09T10:24:58.852133,,,,3.6873451866373155,2.678542673818366,0.6828276071738028
airfoil_self_noise,SVM,regression,2,0.03349890001118183,17.024000000674278,2026-03-09T10:24:58.904198,,,,3.718439976597116,2.8143382290487433,0.7244955638925339
airfoil_self_noise,SVM,regression,3,0.034129299980122596,17.135700007202104,2026-03-09T10:24:58.957117,,,,3.8053060314353155,2.823113149761711,0.7068738380245112
airfoil_self_noise,SVM,regression,4,0.0343373000214342,17.224000010173768,2026-03-09T10:24:59.011116,,,,4.038068376602724,3.0291567820187093,0.6364726220546237
airfoil_self_noise,SVM,regression,5,0.03386990001308732,17.22039998276159,2026-03-09T10:24:59.064198,,,,3.5887307063427,2.7016869639832004,0.7307862082901659
airfoil_self_noise,SVM,regression,6,0.03580640000291169,17.06669997656718,2026-03-09T10:24:59.118191,,,,3.902981182027322,2.9219841713439085,0.6664960356385176
airfoil_self_noise,SVM,regression,7,0.03425169998081401,17.028700007358566,2026-03-09T10:24:59.171185,,,,3.9422203644657197,2.931824120011703,0.6560549116846675
airfoil_self_noise,SVM,regression,8,0.034107300016330555,17.000599997118115,2026-03-09T10:24:59.223211,,,,3.7562182397782315,2.7695060637539313,0.7344887828538184
airfoil_self_noise,SVM,regression,9,0.03395679997629486,16.97009999770671,2026-03-09T10:24:59.275192,,,,3.6432762594444954,2.7390584954817028,0.7061060136159447
airfoil_self_noise,KNN,regression,0,0.0008464000129606575,16.658000007737428,2026-03-09T10:24:59.295724,,,,3.3001838546790676,2.4219421926910303,0.7826043390027998
airfoil_self_noise,KNN,regression,1,0.0008735999872442335,14.8930000141263,2026-03-09T10:24:59.312970,,,,3.03516918170877,2.276471096345515,0.7851013954705335
airfoil_self_noise,KNN,regression,2,0.0008861999958753586,14.39830000163056,2026-03-09T10:24:59.329773,,,,2.9293912751951328,2.2734279069767442,0.8290135039072507
airfoil_self_noise,KNN,regression,3,0.0008988000045064837,13.923699996666983,2026-03-09T10:24:59.346349,,,,3.032937391858483,2.236938666666668,0.8137903029875396
airfoil_self_noise,KNN,regression,4,0.0007964000105857849,13.447999983327463,2026-03-09T10:24:59.361918,,,,3.768862773923544,2.8765300000000003,0.6833274373596845
airfoil_self_noise,KNN,regression,5,0.0007879000040702522,13.761400012299418,2026-03-09T10:24:59.377871,,,,3.068649461333903,2.3140411960132896,0.8031614644930302
airfoil_self_noise,KNN,regression,6,0.0007618000090587884,13.728299993090332,2026-03-09T10:24:59.393403,,,,3.48080016800277,2.60054950166113,0.7347433573240103
airfoil_self_noise,KNN,regression,7,0.0007572000031359494,13.949899992439896,2026-03-09T10:24:59.409748,,,,3.1259763285908453,2.3387521594684384,0.7837387605040741
airfoil_self_noise,KNN,regression,8,0.0007630999898537993,13.815800019074231,2026-03-09T10:24:59.425296,,,,3.1942092114533347,2.3938153333333334,0.8079970264627596
airfoil_self_noise,KNN,regression,9,0.0008214999979827553,13.517300016246736,2026-03-09T10:24:59.441224,,,,3.0529617720065447,2.3651400000000016,0.7936287358124111
airfoil_self_noise,MLP,regression,0,1.8828628000046592,0.5061000119894743,2026-03-09T10:25:01.326231,,,,4.001604993374422,3.013866576926057,0.6803733125952393
airfoil_self_noise,MLP,regression,1,2.139717500016559,0.4799999878741801,2026-03-09T10:25:03.467855,,,,4.1977468954067,3.1500984168209305,0.5889446681725405
airfoil_self_noise,MLP,regression,2,1.901426199998241,0.5260000179987401,2026-03-09T10:25:05.371008,,,,4.083941526876911,3.099482795770503,0.6676726565974997
airfoil_self_noise,MLP,regression,3,2.0278933999943547,0.527299998793751,2026-03-09T10:25:07.401621,,,,4.439116488894153,3.3805802119731214,0.6010959128469124
airfoil_self_noise,MLP,regression,4,2.377019500010647,0.49409997882321477,2026-03-09T10:25:09.779746,,,,4.0192427847917775,3.049552566617474,0.6398542713085394
airfoil_self_noise,MLP,regression,5,1.781841499992879,0.4938000056426972,2026-03-09T10:25:11.564212,,,,3.9950308137934116,3.0798460155885197,0.6663771175385249
airfoil_self_noise,MLP,regression,6,1.8484577999915928,0.5915999936405569,2026-03-09T10:25:13.414227,,,,4.569182227749945,3.362679097137753,0.542927551270844
airfoil_self_noise,MLP,regression,7,2.2372052000137046,0.5283999780658633,2026-03-09T10:25:15.653278,,,,4.170797722228593,3.1444274475448553,0.6150134357823687
airfoil_self_noise,MLP,regression,8,2.2342469000141136,0.5166000046301633,2026-03-09T10:25:17.889630,,,,4.187157021197693,3.154273987089419,0.6700715747284541
airfoil_self_noise,MLP,regression,9,2.2842523000144865,0.47080000513233244,2026-03-09T10:25:20.175960,,,,3.942625839684621,2.962105856623103,0.6558263481921179
airfoil_self_noise,XGBoost,regression,0,0.057193399989046156,1.1610999936237931,2026-03-09T10:25:20.237719,,,,1.6210441698433375,1.1564248446340968,0.9475477287657965
airfoil_self_noise,XGBoost,regression,1,0.042458899988560006,0.9031000081449747,2026-03-09T10:25:20.282730,,,,1.7382216682303722,1.2518790329841287,0.9295180182810031
airfoil_self_noise,XGBoost,regression,2,0.039654599997447804,0.8683000050950795,2026-03-09T10:25:20.325730,,,,1.6701312927213912,1.1986052471173554,0.9444213143823292
airfoil_self_noise,XGBoost,regression,3,0.03963169999769889,0.8463000121992081,2026-03-09T10:25:20.367732,,,,1.6937161792030881,1.161288805948893,0.941929351637852
airfoil_self_noise,XGBoost,regression,4,0.04036729998188093,0.8895999926608056,2026-03-09T10:25:20.411731,,,,1.9198401390829778,1.2948228533935544,0.9178287446725281
airfoil_self_noise,XGBoost,regression,5,0.04943370001274161,0.8988000045064837,2026-03-09T10:25:20.464730,,,,1.6671011847520636,1.1745739660928418,0.9419049026485276
airfoil_self_noise,XGBoost,regression,6,0.040122699982021004,0.8585999894421548,2026-03-09T10:25:20.507730,,,,1.5077004877124345,1.1056422544967293,0.9502333695849755
airfoil_self_noise,XGBoost,regression,7,0.040615699981572106,0.8336000028066337,2026-03-09T10:25:20.550730,,,,1.5277140459382954,1.067271072539776,0.9483474863710079
airfoil_self_noise,XGBoost,regression,8,0.03843319998122752,0.8110000053420663,2026-03-09T10:25:20.592732,,,,1.6172475204945769,1.1161694531250006,0.9507808366544966
airfoil_self_noise,XGBoost,regression,9,0.04242130002239719,0.891200004843995,2026-03-09T10:25:20.637730,,,,1.6449031336149802,1.1722701731363934,0.9400916790283004
airfoil_self_noise,LightGBM,regression,0,0.02204619999974966,1.2125000066589564,2026-03-09T10:25:20.664960,,,,2.00032571864378,1.4417231207244219,0.9201314060775454
airfoil_self_noise,LightGBM,regression,1,0.019577400002162904,1.6873000131454319,2026-03-09T10:25:20.687978,,,,1.85114941743242,1.3849829024920617,0.920062467750993
airfoil_self_noise,LightGBM,regression,2,0.022195099998498335,1.5285999979823828,2026-03-09T10:25:20.714363,,,,1.8532911078463254,1.3959198128359052,0.9315624696359319
airfoil_self_noise,LightGBM,regression,3,0.0194756000128109,1.0698999976739287,2026-03-09T10:25:20.736348,,,,2.079532898619777,1.422700218250244,0.9124599090554941
airfoil_self_noise,LightGBM,regression,4,0.01612449999083765,1.1420999944675714,2026-03-09T10:25:20.755378,,,,2.2378344434275896,1.6219756376820798,0.8883533504298421
airfoil_self_noise,LightGBM,regression,5,0.015070100023876876,0.9022999729495496,2026-03-09T10:25:20.773349,,,,1.8604421345298827,1.3574912921399074,0.927648440447367
airfoil_self_noise,LightGBM,regression,6,0.01380559999961406,0.8487000013701618,2026-03-09T10:25:20.789348,,,,1.9073943276000076,1.3878246529476583,0.9203493985561849
airfoil_self_noise,LightGBM,regression,7,0.015010999981313944,0.8894000202417374,2026-03-09T10:25:20.806348,,,,1.9930511745985995,1.392878385393777,0.9120887980685956
airfoil_self_noise,LightGBM,regression,8,0.013465900003211573,0.8456999785266817,2026-03-09T10:25:20.822348,,,,1.9477668648827913,1.4168508663072614,0.9286070732953574
airfoil_self_noise,LightGBM,regression,9,0.015043400024296716,0.9914999827742577,2026-03-09T10:25:20.839348,,,,1.8679724653843672,1.4006805747896935,0.9227412935213255
airfoil_self_noise,CatBoost,regression,0,0.11835420000716113,1.2987999944016337,2026-03-09T10:25:20.961437,,,,1.8298800770309043,1.3407825686263342,0.9331625520839566
airfoil_self_noise,CatBoost,regression,1,0.1101665000023786,1.3740000140387565,2026-03-09T10:25:21.074881,,,,1.77202037991843,1.3660785727881524,0.9267504075977844
airfoil_self_noise,CatBoost,regression,2,0.10394390000146814,1.30969999008812,2026-03-09T10:25:21.182562,,,,1.8179520812190748,1.3898673979569471,0.9341475543655832
airfoil_self_noise,CatBoost,regression,3,0.10484799998812377,1.3152000028640032,2026-03-09T10:25:21.290207,,,,2.0494657618856618,1.4305426057502748,0.9149730232161557
airfoil_self_noise,CatBoost,regression,4,0.10377859999425709,1.3251999916974455,2026-03-09T10:25:21.396808,,,,2.1120369014758524,1.5156276881276298,0.9005527471360493
airfoil_self_noise,CatBoost,regression,5,0.10335829999530688,1.305399986449629,2026-03-09T10:25:21.504256,,,,1.940611648502957,1.4094211753980423,0.9212785959708292
airfoil_self_noise,CatBoost,regression,6,0.10370370000600815,1.2906999909318984,2026-03-09T10:25:21.611113,,,,1.9451632948253927,1.4559558029640416,0.9171637905176699
airfoil_self_noise,CatBoost,regression,7,0.10135700000682846,1.3045000087004155,2026-03-09T10:25:21.715684,,,,1.9618396834737584,1.41973300093366,0.9148206448525686
airfoil_self_noise,CatBoost,regression,8,0.10270749998744577,1.369300007354468,2026-03-09T10:25:21.821203,,,,1.9059427636840705,1.3932389149720514,0.9316401740977583
airfoil_self_noise,CatBoost,regression,9,0.10864629998104647,1.3976000191178173,2026-03-09T10:25:21.933355,,,,1.9287855604612991,1.4156050545513077,0.9176289913096093
airfoil_self_noise,TRA_Hard,regression,0,0.7380805999855511,116.42060001031496,2026-03-09T10:25:22.791377,,,,11.314489776039819,10.340915926148634,-1.555315620868773
airfoil_self_noise,TRA_Hard,regression,1,0.755134300008649,127.2084999945946,2026-03-09T10:25:23.675157,,,,7.7206679129034805,6.9268955080138115,-0.3905209387982693
airfoil_self_noise,TRA_Hard,regression,2,0.7955139999976382,144.4107000133954,2026-03-09T10:25:24.616433,,,,6.363096270569033,5.3420601242746075,0.19324060217898686
airfoil_self_noise,TRA_Hard,regression,3,0.917591999983415,147.42710001883097,2026-03-09T10:25:25.683240,,,,6.027496726229717,4.336155858220393,0.264556406690172
airfoil_self_noise,TRA_Hard,regression,4,0.8285311000072397,158.90650000073947,2026-03-09T10:25:26.671708,,,,7.383729714934335,5.990262768376635,-0.21546195139397883
airfoil_self_noise,TRA_Hard,regression,5,0.9699766000267118,176.17400002200156,2026-03-09T10:25:27.820322,,,,5.654323905886904,4.472051818736304,0.33169158426851886
airfoil_self_noise,TRA_Hard,regression,6,0.8976321000081953,188.32269997801632,2026-03-09T10:25:28.907452,,,,6.211666522221202,4.707861734631327,0.15525748842123566
airfoil_self_noise,TRA_Hard,regression,7,1.0264861000177916,192.9952000209596,2026-03-09T10:25:30.128071,,,,4.91769899860141,3.7114592961359154,0.46478139243182537
airfoil_self_noise,TRA_Hard,regression,8,1.1325603000004776,205.8093999803532,2026-03-09T10:25:31.468352,,,,5.0749862959809855,3.8432380459196276,0.5153245894696625
airfoil_self_noise,TRA_Hard,regression,9,1.019468600017717,228.08660002192482,2026-03-09T10:25:32.718003,,,,5.541232008171784,4.13722833772265,0.320140515798237
airfoil_self_noise,TRA_Soft,regression,0,0.6931234000076074,126.92090001655743,2026-03-09T10:25:33.542082,,,,11.003782961313691,10.035842890858143,-1.416899727400304
airfoil_self_noise,TRA_Soft,regression,1,0.7306113999802619,66.87560002319515,2026-03-09T10:25:34.341563,,,,7.346891062832182,6.528976385017242,-0.25914280532544387
airfoil_self_noise,TRA_Soft,regression,2,0.748889499984216,146.69140000478365,2026-03-09T10:25:35.238814,,,,7.443335832571399,6.453954800818691,-0.10393187553965433
airfoil_self_noise,TRA_Soft,regression,3,0.8709243999910541,84.21339999767952,2026-03-09T10:25:36.195258,,,,4.060079092308425,2.8953730075196353,0.6663090790438648
airfoil_self_noise,TRA_Soft,regression,4,0.7666422000038438,81.23519999207929,2026-03-09T10:25:37.043859,,,,6.949751945046844,6.146605813462141,-0.0767835056354631
airfoil_self_noise,TRA_Soft,regression,5,0.8425100000167731,82.30479998746887,2026-03-09T10:25:37.970551,,,,5.136474281730253,4.121303078079919,0.44849964109013707
airfoil_self_noise,TRA_Soft,regression,6,0.7338423000182956,154.24109998275526,2026-03-09T10:25:38.859487,,,,5.967900730418533,5.038998626270861,0.22025739072449102
airfoil_self_noise,TRA_Soft,regression,7,0.8714975999901071,230.6183000036981,2026-03-09T10:25:39.963523,,,,3.9662374010198356,2.82565461816642,0.6518513392396609
airfoil_self_noise,TRA_Soft,regression,8,0.9759936000045855,175.46100000618026,2026-03-09T10:25:41.117173,,,,4.306330668959775,3.0464661337068075,0.6510236558165632
airfoil_self_noise,TRA_Soft,regression,9,0.8863897999981418,195.638000004692,2026-03-09T10:25:42.200405,,,,4.902854436985139,4.231210281209276,0.4677637003994827
house_prices,RandomForest,regression,0,0.38411399998585694,24.89690002403222,2026-03-09T10:25:42.616873,,,,29068.804952671093,17727.75803690925,0.8898357907405983
house_prices,RandomForest,regression,1,0.39115339997806586,24.789799994323403,2026-03-09T10:25:43.036380,,,,25450.984851861944,16853.100646891624,0.9047320012551119
house_prices,RandomForest,regression,2,0.3998575999867171,25.367599999299273,2026-03-09T10:25:43.464524,,,,45910.44465182734,21289.724470978686,0.618480028985779
house_prices,RandomForest,regression,3,0.3922298999968916,24.68520001275465,2026-03-09T10:25:43.884686,,,,28109.29078559588,18171.4054420412,0.8741648142512941
house_prices,RandomForest,regression,4,0.39641829999163747,25.428000022657216,2026-03-09T10:25:44.309746,,,,23794.596899279055,15106.705547561192,0.8916782903091031
house_prices,RandomForest,regression,5,0.3914877999923192,24.6628999884706,2026-03-09T10:25:44.729654,,,,29511.38315858314,18441.722691262126,0.8780186696817285
house_prices,RandomForest,regression,6,0.4278348999796435,15.29300000402145,2026-03-09T10:25:45.176267,,,,27854.60938425425,17700.78893013003,0.8847801981829431
house_prices,RandomForest,regression,7,0.3824689000030048,25.16969997668639,2026-03-09T10:25:45.587242,,,,24212.37818438436,15764.323570288223,0.8842397929783881
house_prices,RandomForest,regression,8,0.4006381999934092,24.506599991582334,2026-03-09T10:25:46.015751,,,,29752.68527328965,17897.623685357805,0.8597867053805259
house_prices,RandomForest,regression,9,0.3952317000075709,24.67159999650903,2026-03-09T10:25:46.438340,,,,35539.497497215496,18949.104689485142,0.7973254743100546
house_prices,GradientBoosting,regression,0,1.1286558999854606,1.4146000030450523,2026-03-09T10:25:47.572197,,,,26797.258139394253,17097.899432944258,0.9063803775233867
house_prices,GradientBoosting,regression,1,1.1084433000069112,1.4177999983076006,2026-03-09T10:25:48.684189,,,,27368.109563344387,17157.81419194058,0.8898391046806537
house_prices,GradientBoosting,regression,2,1.0996746000018902,1.4087000163272023,2026-03-09T10:25:49.787219,,,,48196.91229771592,20029.508391641997,0.5795322304389998
house_prices,GradientBoosting,regression,3,1.0702166000264697,1.3634000206366181,2026-03-09T10:25:50.861197,,,,29043.0416031213,17599.862731088942,0.8656658251604614
house_prices,GradientBoosting,regression,4,1.0836474999960046,1.34379998780787,2026-03-09T10:25:51.948588,,,,26573.382265498756,16153.761471365508,0.8649008948725967
house_prices,GradientBoosting,regression,5,1.0848021999991033,1.4156000106595457,2026-03-09T10:25:53.036898,,,,31077.50673930324,18884.41358435857,0.8647284163278459
house_prices,GradientBoosting,regression,6,1.135906999988947,1.412300014635548,2026-03-09T10:25:54.176419,,,,26931.05708308858,16736.999365334686,0.8922940291825563
house_prices,GradientBoosting,regression,7,1.096525599976303,1.408300013281405,2026-03-09T10:25:55.276705,,,,23974.318302535834,15277.71920399127,0.8865049471405213
house_prices,GradientBoosting,regression,8,1.0663585999864154,1.370899990433827,2026-03-09T10:25:56.346705,,,,28229.00606510971,16945.525108675203,0.8737800419042382
house_prices,GradientBoosting,regression,9,1.0667986000189558,1.3423999771475792,2026-03-09T10:25:57.416037,,,,31450.327562917217,17684.112928773204,0.841281721010702
house_prices,SVM,regression,0,0.045142199989641085,23.460600001271814,2026-03-09T10:25:57.489209,,,,88638.0257995377,59529.385333671606,-0.024297977089651424
house_prices,SVM,regression,1,0.04313550001825206,23.306200018851086,2026-03-09T10:25:57.558210,,,,85658.06266748447,56196.14604298022,-0.07913145756465934
house_prices,SVM,regression,2,0.0429617999761831,22.832000016933307,2026-03-09T10:25:57.626209,,,,76983.2172196198,52880.99795465755,-0.07272003523854709
house_prices,SVM,regression,3,0.04327339999144897,22.755200014216825,2026-03-09T10:25:57.695208,,,,80623.32865700604,57531.0079336395,-0.035198818024491096
house_prices,SVM,regression,4,0.042692999995779246,23.283899994567037,2026-03-09T10:25:57.764210,,,,74306.34546777054,51959.94861042262,-0.05635673857359147
house_prices,SVM,regression,5,0.04286120002507232,23.44509999966249,2026-03-09T10:25:57.832207,,,,87924.80287291447,58192.13689948232,-0.08277206459445652
house_prices,SVM,regression,6,0.042662099993322045,22.646800003712997,2026-03-09T10:25:57.900210,,,,84293.2890328701,55313.32259860183,-0.05516160181441676
house_prices,SVM,regression,7,0.04311930001131259,22.88949998910539,2026-03-09T10:25:57.968210,,,,72567.28362381435,52138.758436812524,-0.03983906857093911
house_prices,SVM,regression,8,0.04293389999656938,22.99719999427907,2026-03-09T10:25:58.036209,,,,80506.37202064689,55323.61210197953,-0.026590803065816848
house_prices,SVM,regression,9,0.04274999999324791,22.89510000264272,2026-03-09T10:25:58.104209,,,,80766.75761565552,56761.189803463436,-0.046747413559036666
house_prices,KNN,regression,0,0.0003099000023212284,3.3999999868683517,2026-03-09T10:25:58.112166,,,,40780.75990604709,23666.34726027397,0.7831812710968727
house_prices,KNN,regression,1,0.0003353999927639961,1.5069000073708594,2026-03-09T10:25:58.116131,,,,43155.68596897447,23975.592465753423,0.7260862045195291
house_prices,KNN,regression,2,0.0004388999950606376,2.6003999810200185,2026-03-09T10:25:58.122643,,,,43097.39183395978,23302.561643835616,0.6638011255970171
house_prices,KNN,regression,3,0.00047030000132508576,2.0994000078644603,2026-03-09T10:25:58.128640,,,,39771.28319439673,23950.94178082192,0.7480922522828098
house_prices,KNN,regression,4,0.0004732999950647354,1.927300007082522,2026-03-09T10:25:58.133642,,,,33892.39918626642,22261.084246575345,0.7802325200925759
house_prices,KNN,regression,5,0.00045560000580735505,2.090399997541681,2026-03-09T10:25:58.139640,,,,42276.16464132653,24330.74109589041,0.7496743243694584
house_prices,KNN,regression,6,0.0004130000015720725,2.147599996533245,2026-03-09T10:25:58.145640,,,,46049.69642091864,25400.171917808217,0.6850899493740112
house_prices,KNN,regression,7,0.00041039998177438974,2.2706000017933547,2026-03-09T10:25:58.150640,,,,31948.711945136187,20577.21164383562,0.7984461470316233
house_prices,KNN,regression,8,0.0006027999916113913,2.074099989840761,2026-03-09T10:25:58.156924,,,,43632.73668661595,24139.02191780822,0.698448311918291
house_prices,KNN,regression,9,0.00046090001706033945,2.0182000007480383,2026-03-09T10:25:58.162479,,,,41954.02257052127,24797.425342465755,0.7175615531921085
house_prices,MLP,regression,0,2.5593517999805044,0.5259000172372907,2026-03-09T10:26:00.725987,,,,48608.13460976941,36917.99204594636,0.6919621556606608
house_prices,MLP,regression,1,2.536007699993206,0.5559000128414482,2026-03-09T10:26:03.264802,,,,55431.369389287545,39088.68057352404,0.5480929957945746
house_prices,MLP,regression,2,2.5497601999959443,0.5595999828074127,2026-03-09T10:26:05.817703,,,,76640.67102365533,42806.75516734997,-0.06319487741390728
house_prices,MLP,regression,3,2.5485056999896187,0.5345999961718917,2026-03-09T10:26:08.368723,,,,62904.361572070964,45930.71992164613,0.36982113160745866
house_prices,MLP,regression,4,2.5603888999903575,0.5634999834001064,2026-03-09T10:26:10.931898,,,,53068.892168574814,39587.36327223897,0.4611860320202904
house_prices,MLP,regression,5,2.553641599981347,0.5502999993041158,2026-03-09T10:26:13.489182,,,,53538.03680615206,39871.14730237441,0.5985429215467799
house_prices,MLP,regression,6,2.5723548000096343,0.5595999828074127,2026-03-09T10:26:16.063965,,,,57759.25795127591,40061.88089303251,0.5045769724702001
house_prices,MLP,regression,7,2.568956300005084,0.558799976715818,2026-03-09T10:26:18.636504,,,,51490.41202936717,39320.43518012865,0.4764753543757173
house_prices,MLP,regression,8,2.586104099988006,0.532599980942905,2026-03-09T10:26:21.225506,,,,69606.72288682507,40486.574362745494,0.23256918693835582
house_prices,MLP,regression,9,2.569404799985932,0.5753000150434673,2026-03-09T10:26:23.798053,,,,61235.58045009141,44141.256134110736,0.3982940899127162
house_prices,XGBoost,regression,0,0.16444839999894612,1.0997999925166368,2026-03-09T10:26:23.967359,,,,26764.277087192175,16539.041015625,0.9066106677055359
house_prices,XGBoost,regression,1,0.1490967000136152,1.048499980242923,2026-03-09T10:26:24.120569,,,,27717.497145305166,17689.8125,0.8870084881782532
house_prices,XGBoost,regression,2,0.15214679998462088,1.0757000127341598,2026-03-09T10:26:24.277569,,,,41333.83621199465,18578.396484375,0.6907528638839722
house_prices,XGBoost,regression,3,0.15384590000030585,1.047800004016608,2026-03-09T10:26:24.435569,,,,28870.61121625242,17600.119140625,0.8672561645507812
house_prices,XGBoost,regression,4,0.15137900001718663,1.0682999854907393,2026-03-09T10:26:24.591569,,,,24828.508775196307,15474.0732421875,0.8820602893829346
house_prices,XGBoost,regression,5,0.15238110002246685,1.039800001308322,2026-03-09T10:26:24.748571,,,,27354.370181014954,17661.298828125,0.8951984643936157
house_prices,XGBoost,regression,6,0.1458555000135675,1.103400019928813,2026-03-09T10:26:24.899570,,,,29986.48548930001,17711.9140625,0.8664683699607849
house_prices,XGBoost,regression,7,0.16363160000764765,1.0195000213570893,2026-03-09T10:26:25.067218,,,,23448.350730914957,15676.2119140625,0.8914301991462708
house_prices,XGBoost,regression,8,0.15864389998023398,1.072799990652129,2026-03-09T10:26:25.230223,,,,25259.153429994443,16179.3818359375,0.898941159248352
house_prices,XGBoost,regression,9,0.15254549999372102,1.0259999835398048,2026-03-09T10:26:25.387220,,,,36271.955888813056,18408.8046875,0.7888852953910828
house_prices,LightGBM,regression,0,0.05037000001175329,1.7165000026579946,2026-03-09T10:26:25.444349,,,,29394.924851340507,16988.624982792353,0.887350083467594
house_prices,LightGBM,regression,1,0.04462170001352206,1.2728000001516193,2026-03-09T10:26:25.493763,,,,26303.358443435867,16318.929264904631,0.8982439444229218
house_prices,LightGBM,regression,2,0.03574560000561178,1.3519999920390546,2026-03-09T10:26:25.533786,,,,41634.119979323295,19220.83432453897,0.6862432648564201
house_prices,LightGBM,regression,3,0.04501509998226538,1.4359999913722277,2026-03-09T10:26:25.582763,,,,27212.17452508097,16927.906788302094,0.8820687740263112
house_prices,LightGBM,regression,4,0.05259810001007281,1.721800013910979,2026-03-09T10:26:25.640763,,,,21197.458896588087,13972.449057753574,0.9140340620658592
house_prices,LightGBM,regression,5,0.04042360000312328,1.2147999950684607,2026-03-09T10:26:25.684764,,,,29077.92503532187,16804.030733315598,0.8815756359952672
house_prices,LightGBM,regression,6,0.04908249998698011,1.505599997472018,2026-03-09T10:26:25.738806,,,,28852.195008073577,16499.68469477092,0.8763794428798205
house_prices,LightGBM,regression,7,0.04790020000655204,1.1974999797530472,2026-03-09T10:26:25.790763,,,,22784.743940183536,14845.820230211668,0.8974884732257659
house_prices,LightGBM,regression,8,0.04344509998918511,1.587199978530407,2026-03-09T10:26:25.837787,,,,31342.745738745278,17058.49171710956,0.8443995184374063
house_prices,LightGBM,regression,9,0.043279799981974065,1.4922000118531287,2026-03-09T10:26:25.885761,,,,36061.65219897789,17983.621751784358,0.791326240497947
house_prices,CatBoost,regression,0,0.3841713999863714,7.697699998971075,2026-03-09T10:26:26.281935,,,,29128.66793830273,17163.68663259473,0.8893815891343869
house_prices,CatBoost,regression,1,0.35493729999870993,5.984599993098527,2026-03-09T10:26:26.646196,,,,27080.906678128784,15486.742618986194,0.8921390456704704
house_prices,CatBoost,regression,2,0.3563371999771334,6.136100011644885,2026-03-09T10:26:27.011006,,,,37567.24954139514,18066.34785226541,0.7445457821733353
house_prices,CatBoost,regression,3,0.35578770001302473,6.064500019419938,2026-03-09T10:26:27.374970,,,,28464.852123818688,16882.638096613726,0.8709612397126949
house_prices,CatBoost,regression,4,0.39451329997973517,6.018500018399209,2026-03-09T10:26:27.778878,,,,20818.509021000904,13680.464536540992,0.9170802377278064
house_prices,CatBoost,regression,5,0.3789395999920089,6.034299993189052,2026-03-09T10:26:28.165909,,,,29778.536864135476,17121.654927328396,0.8758001856716953
house_prices,CatBoost,regression,6,0.36347149999346584,5.942200019489974,2026-03-09T10:26:28.538407,,,,28604.9062823742,16414.68915012154,0.8784894358454554
house_prices,CatBoost,regression,7,0.36374120000982657,5.975899985060096,2026-03-09T10:26:28.910609,,,,22788.84125307545,14523.934674160262,0.8974516012234329
house_prices,CatBoost,regression,8,0.36333759999251924,6.001600006129593,2026-03-09T10:26:29.282036,,,,30753.03649865715,16458.68322858973,0.850199637286593
house_prices,CatBoost,regression,9,0.35002569999778643,6.408199988072738,2026-03-09T10:26:29.641155,,,,31957.855169173483,17184.748162396394,0.8361177763899375
house_prices,TRA_Hard,regression,0,1.822903199994471,133.87940000393428,2026-03-09T10:26:31.601899,,,,41501.60981586383,31514.173207659995,0.7754484528057849
house_prices,TRA_Hard,regression,1,1.5720455999835394,147.74009998654947,2026-03-09T10:26:33.324764,,,,51217.797442481235,33089.443710348205,0.6141845155149689
house_prices,TRA_Hard,regression,2,1.4841420000011567,165.7413000066299,2026-03-09T10:26:34.976276,,,,61345.15485068123,36084.15887790921,0.31883109797087317
house_prices,TRA_Hard,regression,3,1.6230805999948643,167.83489999943413,2026-03-09T10:26:36.769701,,,,45077.468192824505,30702.583654513513,0.6763904352909667
house_prices,TRA_Hard,regression,4,1.447916000004625,183.99250000948086,2026-03-09T10:26:38.404226,,,,41526.7999194333,29289.136553920194,0.6700746142805399
house_prices,TRA_Hard,regression,5,2.125678300013533,198.1556999962777,2026-03-09T10:26:40.730946,,,,53951.234409967015,39480.60873833903,0.5923222517548363
house_prices,TRA_Hard,regression,6,1.781925899995258,203.9402000082191,2026-03-09T10:26:42.718507,,,,57533.08198402412,37037.15981218414,0.5084493695915387
house_prices,TRA_Hard,regression,7,1.671014899999136,226.233699999284,2026-03-09T10:26:44.618161,,,,42130.522948145735,32242.59481560259,0.649508010143012
house_prices,TRA_Hard,regression,8,1.7049687000107951,226.77009998005815,2026-03-09T10:26:46.552314,,,,47243.323372282495,30817.113718152716,0.6464769468808278
house_prices,TRA_Hard,regression,9,1.7644264999835286,244.7167000209447,2026-03-09T10:26:48.563867,,,,57769.61914769123,32749.364971779924,0.46448010684821417
house_prices,TRA_Soft,regression,0,1.776601000019582,146.81829998153262,2026-03-09T10:26:50.492584,,,,39435.74386406519,30093.364306287967,0.7972474895976461
house_prices,TRA_Soft,regression,1,1.5606320000078995,77.74850001442246,2026-03-09T10:26:52.133390,,,,48003.515410105494,31176.101061086552,0.6610903435566329
house_prices,TRA_Soft,regression,2,1.4186914000019897,155.7170000160113,2026-03-09T10:26:53.709918,,,,60603.00705870731,34426.908714182544,0.3352128344991625
house_prices,TRA_Soft,regression,3,1.6759762000001501,174.9433999939356,2026-03-09T10:26:55.563292,,,,37003.67488126333,24563.250389186844,0.7819319544827515
house_prices,TRA_Soft,regression,4,1.3700446999864653,183.58189999707974,2026-03-09T10:26:57.120369,,,,42564.76609981273,28858.381730741272,0.6533754611981476
house_prices,TRA_Soft,regression,5,2.043357999995351,211.9523000146728,2026-03-09T10:26:59.378051,,,,42317.88352047016,30409.95138888265,0.7491800288477071
house_prices,TRA_Soft,regression,6,1.7339234999963082,202.09090001299046,2026-03-09T10:27:01.316067,,,,40433.77261285873,29426.82121451037,0.7572151920735687
house_prices,TRA_Soft,regression,7,1.634136100008618,231.4386999933049,2026-03-09T10:27:03.183543,,,,34991.461949561344,25742.128376381865,0.7582265694242514
house_prices,TRA_Soft,regression,8,1.6521005000104196,246.78149999817833,2026-03-09T10:27:05.085622,,,,45989.53456673618,28149.117788218224,0.6649922251148717
house_prices,TRA_Soft,regression,9,1.6863071999978274,250.531099998625,2026-03-09T10:27:07.025143,,,,50180.40797287613,27444.426156916732,0.5959408226958037
abalone,RandomForest,regression,0,0.28803109997534193,24.47450000909157,2026-03-09T10:27:07.344642,,,,2.2395435676734747,1.5727313350112038,0.5366782380757671
abalone,RandomForest,regression,1,0.28684799998882227,23.926900001242757,2026-03-09T10:27:07.658019,,,,2.10950449744544,1.5340752309141719,0.5039602798766953
abalone,RandomForest,regression,2,0.27053879998857155,25.223400007234886,2026-03-09T10:27:07.955524,,,,2.2638700227877786,1.5730714412757478,0.5594900768952528
abalone,RandomForest,regression,3,0.28954450000310317,25.152799993520603,2026-03-09T10:27:08.271887,,,,2.327554941725007,1.6376043126765565,0.5447374798319711
abalone,RandomForest,regression,4,0.2974179000011645,25.219500006642193,2026-03-09T10:27:08.596669,,,,2.0022228174697454,1.44019300510279,0.5311957774329159
abalone,RandomForest,regression,5,0.29537450001225807,24.488800001563504,2026-03-09T10:27:08.919960,,,,2.052163491959086,1.4951477677088547,0.5623525973738741
abalone,RandomForest,regression,6,0.3095587000134401,25.243999989470467,2026-03-09T10:27:09.256427,,,,2.2183427797695363,1.591844250741087,0.5435440379863721
abalone,RandomForest,regression,7,0.286640600010287,24.844100000336766,2026-03-09T10:27:09.570349,,,,2.167330323289016,1.5527018805114408,0.5287654645386328
abalone,RandomForest,regression,8,0.2847932000004221,24.60639999480918,2026-03-09T10:27:09.881961,,,,2.3497200911841065,1.6649362909314391,0.4950641300910882
abalone,RandomForest,regression,9,0.27163760000257753,24.86010000575334,2026-03-09T10:27:10.180434,,,,2.1866575761537064,1.4758290985317506,0.5511944996612602
abalone,GradientBoosting,regression,0,0.7977181000169367,2.209199999924749,2026-03-09T10:27:10.983814,,,,2.299967749325197,1.6050628441916304,0.511339583650217
abalone,GradientBoosting,regression,1,0.7792126999993343,2.1828000026289374,2026-03-09T10:27:11.766511,,,,2.1626694720422694,1.5571052283823692,0.47864223981415555
abalone,GradientBoosting,regression,2,0.775198100018315,2.205199998570606,2026-03-09T10:27:12.545428,,,,2.33680601404825,1.5976680511109513,0.5306486819920482
abalone,GradientBoosting,regression,3,0.7681372000079136,2.0963000133633614,2026-03-09T10:27:13.317442,,,,2.3723835745487483,1.6772408638336387,0.5270319190615884
abalone,GradientBoosting,regression,4,0.7684503000054974,2.1151000109966844,2026-03-09T10:27:14.089467,,,,1.9784053861515347,1.4305423870463152,0.5422827568025754
abalone,GradientBoosting,regression,5,0.7764525999955367,2.136800001608208,2026-03-09T10:27:14.870357,,,,2.096595875909332,1.4911416555165242,0.5431960030574994
abalone,GradientBoosting,regression,6,0.7797514000267256,2.1326999994926155,2026-03-09T10:27:15.653445,,,,2.267796883710551,1.604090389361378,0.5229653964405452
abalone,GradientBoosting,regression,7,0.7673108000017237,2.117800002451986,2026-03-09T10:27:16.424542,,,,2.2183187552347343,1.5699796115551843,0.5063322024035457
abalone,GradientBoosting,regression,8,0.7703861000190955,2.1413999784272164,2026-03-09T10:27:17.199459,,,,2.400813792297174,1.6827473765115288,0.4728661352556571
abalone,GradientBoosting,regression,9,0.7653756000217982,2.05789998290129,2026-03-09T10:27:17.968541,,,,2.215598141149043,1.5040023199946344,0.5392359397402953
abalone,SVM,regression,0,0.25727530001313426,130.29249999090098,2026-03-09T10:27:18.358697,,,,2.2359112503192904,1.5243151731517939,0.5381799430897898
abalone,SVM,regression,1,0.2507721000001766,129.08499999321066,2026-03-09T10:27:18.740698,,,,2.0459864582414333,1.4401286568104208,0.5333824679279721
abalone,SVM,regression,2,0.24904130000504665,129.78790001943707,2026-03-09T10:27:19.121697,,,,2.298332929774075,1.5400686788256244,0.5459762227413696
abalone,SVM,regression,3,0.2483541000110563,125.27920000138693,2026-03-09T10:27:19.497785,,,,2.345303300868364,1.5847315428778104,0.5377679604501325
abalone,SVM,regression,4,0.24400860001333058,129.68879999243654,2026-03-09T10:27:19.873703,,,,1.962125426668855,1.3535266876204763,0.5497847168964071
abalone,SVM,regression,5,0.25352500000735745,130.69959997665137,2026-03-09T10:27:20.259699,,,,2.030418075606822,1.395627132696568,0.5715783761964377
abalone,SVM,regression,6,0.24895040001138113,128.47900000633672,2026-03-09T10:27:20.639701,,,,2.1773231663830632,1.5050730054523174,0.5602687180307527
abalone,SVM,regression,7,0.24579430001904257,126.06589999631979,2026-03-09T10:27:21.012726,,,,2.124715833598203,1.4772048340301211,0.5471143027979122
abalone,SVM,regression,8,0.25560020000557415,126.09630002407357,2026-03-09T10:27:21.396803,,,,2.3044184251204447,1.5731317482908578,0.5143463682136904
abalone,SVM,regression,9,0.24513730002217926,126.94090002332814,2026-03-09T10:27:21.770853,,,,2.223090512608069,1.4558658847282182,0.5361143875799073
abalone,KNN,regression,0,0.002166999998735264,17.044700012775138,2026-03-09T10:27:21.794184,,,,2.2886551910963036,1.6083732057416267,0.5161347852200246
abalone,KNN,regression,1,0.0022320999996736646,16.053900006227195,2026-03-09T10:27:21.814546,,,,2.1683565977320773,1.5581339712918658,0.47589662779703756
abalone,KNN,regression,2,0.002237599983345717,15.225999988615513,2026-03-09T10:27:21.833993,,,,2.420817895141459,1.6773652694610781,0.49629418964044736
abalone,KNN,regression,3,0.002294799982337281,13.677000009920448,2026-03-09T10:27:21.851790,,,,2.478390437698759,1.6898203592814371,0.4838196530086397
abalone,KNN,regression,4,0.0022459000174421817,13.859800004865974,2026-03-09T10:27:21.869669,,,,2.1269415223557413,1.5444311377245508,0.470973044160239
abalone,KNN,regression,5,0.002382699982263148,15.38339999387972,2026-03-09T10:27:21.889948,,,,2.1853579738075433,1.577511961722488,0.5036984690810398
abalone,KNN,regression,6,0.0021976999996695668,14.210600027581677,2026-03-09T10:27:21.908330,,,,2.2736792264698167,1.6011961722488037,0.5204874669980717
abalone,KNN,regression,7,0.0021111000096425414,13.77160000265576,2026-03-09T10:27:21.925813,,,,2.2955098060041212,1.659880239520958,0.4713780391998872
abalone,KNN,regression,8,0.0022468000242952257,13.726800010772422,2026-03-09T10:27:21.943773,,,,2.4053433531840285,1.663233532934132,0.47087519590081317
abalone,KNN,regression,9,0.002273799997055903,14.32570000179112,2026-03-09T10:27:21.961589,,,,2.3483055427596486,1.5650299401197605,0.48238623298953853
abalone,MLP,regression,0,1.7963468999951147,0.694099988322705,2026-03-09T10:27:23.761518,,,,2.1104230006419393,1.5100446642124656,0.5885636192836456
abalone,MLP,regression,1,1.471268199995393,0.6396000098902732,2026-03-09T10:27:25.235305,,,,2.0333710391577466,1.4515549723066365,0.5391189942615018
abalone,MLP,regression,2,1.6115822999854572,0.6634000164922327,2026-03-09T10:27:26.849084,,,,2.195770112111762,1.5185662327622635,0.5855935969584198
abalone,MLP,regression,3,2.779854599997634,0.631399976555258,2026-03-09T10:27:29.631306,,,,2.1978082299630946,1.5581959415198394,0.5940789191446796
abalone,MLP,regression,4,1.4072631000017282,0.6630999851040542,2026-03-09T10:27:31.040957,,,,1.8862110945162207,1.347175337071304,0.5839483083850365
abalone,MLP,regression,5,1.8143948999932036,0.6533999985549599,2026-03-09T10:27:32.858106,,,,1.9818329588745405,1.3912180786691473,0.5918361533376968
abalone,MLP,regression,6,2.710911700007273,0.7293999951798469,2026-03-09T10:27:35.571282,,,,2.097738683272065,1.5110311805898669,0.5918269291573534
abalone,MLP,regression,7,1.818247799994424,0.6762999983038753,2026-03-09T10:27:37.391639,,,,2.1039109225083417,1.4720454372252334,0.5559400628129707
abalone,MLP,regression,8,2.192901600006735,0.6648999988101423,2026-03-09T10:27:39.586987,,,,2.216916044161222,1.5870954507434547,0.5505281932122337
abalone,MLP,regression,9,3.2986070000042673,0.6576000014320016,2026-03-09T10:27:42.888753,,,,2.11133092962659,1.439588949840489,0.5815830858742475
abalone,XGBoost,regression,0,0.09004089998779818,1.1115999950561672,2026-03-09T10:27:42.983179,,,,2.278775793819953,1.5877469778060913,0.5203031301498413
abalone,XGBoost,regression,1,0.07140960000106134,1.109000004362315,2026-03-09T10:27:43.058179,,,,2.1521435763952157,1.5332753658294678,0.4837048649787903
abalone,XGBoost,regression,2,0.08006249999743886,1.1266999936196953,2026-03-09T10:27:43.142179,,,,2.2758752920649536,1.5770940780639648,0.5548056364059448
abalone,XGBoost,regression,3,0.07202829999732785,1.1807999981101602,2026-03-09T10:27:43.218454,,,,2.3299055011561363,1.6179757118225098,0.5438175201416016
abalone,XGBoost,regression,4,0.0807183000142686,1.0832000116351992,2026-03-09T10:27:43.302802,,,,1.9755401379739708,1.4223703145980835,0.5436075925827026
abalone,XGBoost,regression,5,0.07184399999096058,1.1110999912489206,2026-03-09T10:27:43.378802,,,,2.12459605248397,1.5025511980056763,0.530913233757019
abalone,XGBoost,regression,6,0.07238820000202395,1.1740000045392662,2026-03-09T10:27:43.454805,,,,2.269824220850767,1.5874030590057373,0.5221121311187744
abalone,XGBoost,regression,7,0.07237290000193752,1.0978000063914806,2026-03-09T10:27:43.531802,,,,2.2160009627426205,1.572839379310608,0.5073632597923279
abalone,XGBoost,regression,8,0.07393679997767322,1.1227999930270016,2026-03-09T10:27:43.608802,,,,2.3672197295660737,1.643267035484314,0.48751509189605713
abalone,XGBoost,regression,9,0.06988910000654869,1.1103999859187752,2026-03-09T10:27:43.682802,,,,2.1705278568514537,1.4793473482131958,0.5577912330627441
abalone,LightGBM,regression,0,0.034323500003665686,2.234999992651865,2026-03-09T10:27:43.724010,,,,2.211666507649634,1.5370361426839325,0.5481409856738546
abalone,LightGBM,regression,1,0.028833199990913272,1.750499999616295,2026-03-09T10:27:43.757584,,,,2.0792172181193194,1.5079189584523414,0.5181018396545511
abalone,LightGBM,regression,2,0.02358730000560172,1.4591999934054911,2026-03-09T10:27:43.784563,,,,2.2302241543466796,1.5488719130379955,0.5724865834457304
abalone,LightGBM,regression,3,0.025209799990989268,1.9204000127501786,2026-03-09T10:27:43.813585,,,,2.277691734932571,1.6000398324971064,0.5640347163032591
abalone,LightGBM,regression,4,0.023899399995571002,1.4185999752953649,2026-03-09T10:27:43.841565,,,,1.9611968956379746,1.424181081047442,0.5502107242673808
abalone,LightGBM,regression,5,0.02286559998174198,1.4793000009376556,2026-03-09T10:27:43.867564,,,,2.028937320650823,1.4427991191746568,0.5722030319020422
abalone,LightGBM,regression,6,0.024422399990726262,1.6271999920718372,2026-03-09T10:27:43.895588,,,,2.1857031131398985,1.5674961701188914,0.5568773832556186
abalone,LightGBM,regression,7,0.031559100025333464,2.112100017257035,2026-03-09T10:27:43.930564,,,,2.1435781634337867,1.5347385340064925,0.5390375543453134
abalone,LightGBM,regression,8,0.02870579998125322,1.788900000974536,2026-03-09T10:27:43.963562,,,,2.322473010504704,1.6342153372390538,0.5067065892833668
abalone,LightGBM,regression,9,0.030893499992089346,1.8726999987848103,2026-03-09T10:27:43.998583,,,,2.1785439339434505,1.4756637058473954,0.5545189263619374
abalone,CatBoost,regression,0,0.2057212000072468,2.519500005291775,2026-03-09T10:27:44.210354,,,,2.2338826118371657,1.5669065506094846,0.5390175800315005
abalone,CatBoost,regression,1,0.18207420001272112,2.480800001649186,2026-03-09T10:27:44.397126,,,,2.068344494155451,1.5136627548949053,0.5231285835772608
abalone,CatBoost,regression,2,0.18862530001206324,2.602900000056252,2026-03-09T10:27:44.590108,,,,2.2988187064188716,1.5807721865661921,0.5457842771337273
abalone,CatBoost,regression,3,0.18463210001937114,2.44609999936074,2026-03-09T10:27:44.780076,,,,2.2836093494987564,1.5769276019370648,0.5617664322965861
abalone,CatBoost,regression,4,0.19235860000480898,2.6009999855887145,2026-03-09T10:27:44.976515,,,,1.9600828466200952,1.4080816643500793,0.5507215806549373
abalone,CatBoost,regression,5,0.20127309998497367,2.5141999940387905,2026-03-09T10:27:45.183142,,,,2.0241183311371427,1.4379656590595113,0.5742327652594261
abalone,CatBoost,regression,6,0.1885236999951303,2.4961000017356128,2026-03-09T10:27:45.376428,,,,2.18206337293555,1.553221173334769,0.558351973555099
abalone,CatBoost,regression,7,0.2241193000227213,2.5345000030938536,2026-03-09T10:27:45.605045,,,,2.096687244589814,1.4936395393251156,0.5589841452472903
abalone,CatBoost,regression,8,0.1885459000186529,2.485799981513992,2026-03-09T10:27:45.797566,,,,2.2968548117758876,1.6214344111719734,0.5175291825523488
abalone,CatBoost,regression,9,0.19231449998915195,2.570699987700209,2026-03-09T10:27:45.995510,,,,2.175189335652711,1.4664411645894921,0.5558898048211109
abalone,TRA_Hard,regression,0,1.720440500008408,195.2371000079438,2026-03-09T10:27:47.914458,,,,2.663140878580342,1.9521571160525466,0.34483309706528853
abalone,TRA_Hard,regression,1,1.775408100016648,235.61650002375245,2026-03-09T10:27:49.927386,,,,2.4156978587675733,1.7607869595811794,0.34950978026037516
abalone,TRA_Hard,regression,2,1.7601233000168577,245.1860000146553,2026-03-09T10:27:51.934541,,,,2.6235993006039378,1.799335003714657,0.40837334640672596
abalone,TRA_Hard,regression,3,1.5956909999949858,267.3523999983445,2026-03-09T10:27:53.799085,,,,2.6747339527437446,1.8443853587599728,0.3987941512908961
abalone,TRA_Hard,regression,4,1.644783900002949,270.95289999851957,2026-03-09T10:27:55.716471,,,,2.4106269517342063,1.700965321742113,0.3204417053858244
abalone,TRA_Hard,regression,5,1.727463399991393,304.8368000017945,2026-03-09T10:27:57.752034,,,,2.4794708495499176,1.7841709230977107,0.3611212333843594
abalone,TRA_Hard,regression,6,2.39104019998922,411.9940999953542,2026-03-09T10:28:00.556517,,,,2.5803790892828014,1.8782872790319551,0.3823981293974561
abalone,TRA_Hard,regression,7,2.1572332000068855,315.82499999785796,2026-03-09T10:28:03.031110,,,,2.460334064189162,1.7427423026239381,0.39273946781467806
abalone,TRA_Hard,regression,8,2.5186289000266697,352.82030000234954,2026-03-09T10:28:05.904703,,,,2.645562255043897,1.894997904201111,0.35991163309747565
abalone,TRA_Hard,regression,9,2.279714700009208,343.78140000626445,2026-03-09T10:28:08.530115,,,,2.683008843446338,1.8404658655440655,0.32432037863532925
abalone,TRA_Soft,regression,0,1.66955030002282,220.4012000001967,2026-03-09T10:28:10.425337,,,,2.457358992842913,1.7823216771587127,0.44217126556504527
abalone,TRA_Soft,regression,1,1.7294391999894287,259.5728999876883,2026-03-09T10:28:12.416838,,,,2.2085183695027752,1.6051136665575914,0.45630220175018454
abalone,TRA_Soft,regression,2,1.7471832000010181,259.43599999300204,2026-03-09T10:28:14.425276,,,,2.507361886203178,1.7222913436300713,0.4596355638832489
abalone,TRA_Soft,regression,3,1.5894283999805339,324.8518999898806,2026-03-09T10:28:16.341416,,,,2.534714315062318,1.7411185604826624,0.46009164176448014
abalone,TRA_Soft,regression,4,1.5834675999940373,295.91799998888746,2026-03-09T10:28:18.222858,,,,2.1575854090530306,1.5449966642843287,0.4556193308491867
abalone,TRA_Soft,regression,5,1.6951122999889776,349.5641000044998,2026-03-09T10:28:20.269611,,,,2.21906499416296,1.5792467056245174,0.4882704622357499
abalone,TRA_Soft,regression,6,2.387161599996034,529.1466999915428,2026-03-09T10:28:23.187761,,,,2.3722872875261958,1.7262966253574794,0.477993226679007
abalone,TRA_Soft,regression,7,2.156231700006174,356.6942999896128,2026-03-09T10:28:25.702866,,,,2.224735393726163,1.5936649234449036,0.5034721362735701
abalone,TRA_Soft,regression,8,2.5007968000136316,399.48809999623336,2026-03-09T10:28:28.605311,,,,2.4728203768379355,1.7438197533854385,0.4407717470806062
abalone,TRA_Soft,regression,9,2.299417500005802,387.89330000872724,2026-03-09T10:28:31.294413,,,,2.4000395013966087,1.6179234149933854,0.45932860681259524
superconduct,RandomForest,regression,0,13.506172499997774,26.698100002249703,2026-03-09T10:28:44.857701,,,,9.047181364970259,5.263212836493729,0.9288915988701801
superconduct,RandomForest,regression,1,14.050637799984543,36.784600000828505,2026-03-09T10:28:58.968096,,,,9.822896772135355,5.437635287616134,0.919694642340826
superconduct,RandomForest,regression,2,13.80837509999401,27.582100010477006,2026-03-09T10:29:12.827741,,,,9.356520674284614,5.292330502037846,0.9217643228814836
superconduct,RandomForest,regression,3,14.30267889998504,26.502299995627254,2026-03-09T10:29:27.179958,,,,9.570743915255674,5.5426389221619035,0.9237319645939942
superconduct,RandomForest,regression,4,14.248592399992049,25.887499999953434,2026-03-09T10:29:41.477258,,,,9.452127307058891,5.3929313955841165,0.924996798016363
superconduct,RandomForest,regression,5,14.627433199988445,27.177400013897568,2026-03-09T10:29:56.154923,,,,9.960931096241547,5.493209961276867,0.9161939106319666
superconduct,RandomForest,regression,6,13.71496909999405,25.468200008617714,2026-03-09T10:30:09.917691,,,,9.65264647876325,5.565586588800742,0.921653603491163
superconduct,RandomForest,regression,7,31.699895300000207,121.12160000833683,2026-03-09T10:30:41.765767,,,,9.477558173218847,5.416304481187665,0.9231524306527962
superconduct,RandomForest,regression,8,49.246560400002636,118.66599999484606,2026-03-09T10:31:31.204570,,,,9.2903481715822,5.308253823676618,0.9281916455941246
superconduct,RandomForest,regression,9,50.764575000008335,121.04260001797229,2026-03-09T10:32:22.166574,,,,9.273678476700933,5.246895190207346,0.9231355391140821
superconduct,GradientBoosting,regression,0,248.46758930000942,45.52820001845248,2026-03-09T10:36:30.809882,,,,9.304474271385219,5.711516682994214,0.9247895825427477
superconduct,GradientBoosting,regression,1,244.4899350000196,43.49509999155998,2026-03-09T10:40:35.436414,,,,9.987743369333328,5.955488375511426,0.9169766773631043
superconduct,GradientBoosting,regression,2,124.82855090001249,13.075800001388416,2026-03-09T10:42:40.351307,,,,9.657416379602491,5.7797952999324815,0.9166514602627317
superconduct,GradientBoosting,regression,3,94.26335330001893,13.338100019609556,2026-03-09T10:44:14.656097,,,,9.925317393628976,6.054213125194371,0.9179761831156625
superconduct,GradientBoosting,regression,4,93.28917629999341,13.079199998173863,2026-03-09T10:45:47.992535,,,,9.618242543522127,5.839894029426443,0.9223373637255057
superconduct,GradientBoosting,regression,5,72.58318730001338,9.706700016977265,2026-03-09T10:47:00.617908,,,,10.058693993261683,5.9662946204162335,0.9145407855829998
superconduct,GradientBoosting,regression,6,80.83585540001513,27.145700005348772,2026-03-09T10:48:21.505487,,,,9.87612596758261,6.034575340140429,0.9179838335514094
superconduct,GradientBoosting,regression,7,91.26487690000795,9.750299999723211,2026-03-09T10:49:52.820634,,,,9.807871452611817,5.8250582367069725,0.9177024800012187
superconduct,GradientBoosting,regression,8,86.49670909999986,13.603900006273761,2026-03-09T10:51:19.356147,,,,9.619256766401172,5.782725257633576,0.9230171422515477
superconduct,GradientBoosting,regression,9,77.3117439999769,10.20540000172332,2026-03-09T10:52:36.708192,,,,9.4528518489484,5.6622914770885115,0.9201367059700438
superconduct,SVM,regression,0,15.90166629999294,5943.277999991551,2026-03-09T10:52:58.580469,,,,15.776757457937062,10.190140838295827,0.7837630940243853
superconduct,SVM,regression,1,15.661552900011884,5846.542600018438,2026-03-09T10:53:20.111952,,,,16.707530551127885,10.7406978962996,0.7676782404212956
superconduct,SVM,regression,2,15.8571558999829,5793.98799999035,2026-03-09T10:53:41.787274,,,,16.40693441015691,10.464128428468507,0.7594358172105757
superconduct,SVM,regression,3,15.472451899986481,5847.595500003081,2026-03-09T10:54:03.130346,,,,16.336155728836623,10.61567979769572,0.7777964990701705
superconduct,SVM,regression,4,15.849472099973354,5922.215099999448,2026-03-09T10:54:24.924771,,,,16.32024989356699,10.654005054783836,0.7763987184444249
superconduct,SVM,regression,5,16.38349969999399,6270.887799997581,2026-03-09T10:54:47.603031,,,,16.80974414662453,10.739408792770481,0.7613299574965201
superconduct,SVM,regression,6,24.68417719998979,27792.561300011585,2026-03-09T10:55:40.104003,,,,16.419394426786273,10.63038493195223,0.7733057545392701
superconduct,SVM,regression,7,46.94277909997618,31009.332499990705,2026-03-09T10:56:58.094557,,,,16.37279242860895,10.602739332949277,0.7706584571513311
superconduct,SVM,regression,8,38.80937360000098,20655.523800000083,2026-03-09T10:57:57.648591,,,,16.116134171919196,10.545218364803038,0.7839109587351143
superconduct,SVM,regression,9,61.40778050001245,30280.901600024663,2026-03-09T10:59:29.434741,,,,15.774926208368733,10.124568914871082,0.7775890377648754
superconduct,KNN,regression,0,0.005707300006179139,644.4274999957997,2026-03-09T10:59:30.176169,,,,10.583549934868346,5.949205039501528,0.902690095343432
superconduct,KNN,regression,1,0.007732199999736622,613.192099990556,2026-03-09T10:59:30.884130,,,,11.20150220795344,6.029169647307783,0.8955717745517363
superconduct,KNN,regression,2,0.008536699984688312,571.7767000023741,2026-03-09T10:59:31.547604,,,,10.314718012433666,5.687058942628733,0.9049196434388538
superconduct,KNN,regression,3,0.0073856000090017915,608.5202000103891,2026-03-09T10:59:32.240496,,,,11.272235344213792,6.280618450611477,0.8942035092211176
superconduct,KNN,regression,4,0.007795200013788417,586.513999995077,2026-03-09T10:59:32.913163,,,,11.00225096179047,6.012718559971779,0.8983789275961693
superconduct,KNN,regression,5,0.008711700007552281,635.9065000142436,2026-03-09T10:59:33.649973,,,,11.370397158081909,6.082846011521279,0.8907989101282272
superconduct,KNN,regression,6,0.008572399994591251,597.6388000126462,2026-03-09T10:59:34.348698,,,,10.751615405678223,5.983606453562191,0.9027983434358213
superconduct,KNN,regression,7,0.008391500014113262,617.6671000139322,2026-03-09T10:59:35.065212,,,,10.700217008254722,5.951456641664707,0.9020459517870258
superconduct,KNN,regression,8,0.010553900006925687,585.8529999968596,2026-03-09T10:59:35.741798,,,,10.68844275472881,5.994545213311383,0.9049526823485111
superconduct,KNN,regression,9,0.007520199986174703,564.5362999930512,2026-03-09T10:59:36.396769,,,,10.546860810023592,5.828396652398871,0.9005813308284226
superconduct,MLP,regression,0,88.0540994000039,16.7704000195954,2026-03-09T11:01:04.562844,,,,11.078934796480038,7.205309585142995,0.8933673178050099
superconduct,MLP,regression,1,105.06857769997441,14.139200007775798,2026-03-09T11:02:49.744522,,,,11.638312699417396,7.35884387006143,0.8872684693506981
superconduct,MLP,regression,2,116.68810559998383,18.166499998187646,2026-03-09T11:04:46.540201,,,,11.0477593900705,6.968937974951256,0.890925182036854
superconduct,MLP,regression,3,106.6044547999918,4.802600014954805,2026-03-09T11:06:33.238005,,,,11.390906333853122,7.167757718138228,0.8919641908372197
superconduct,MLP,regression,4,109.58288939998602,16.300999996019527,2026-03-09T11:08:22.868652,,,,10.709232479810973,6.598162481227206,0.9037197137800741
superconduct,MLP,regression,5,113.8285205999855,10.448900022311136,2026-03-09T11:10:16.783463,,,,11.286105698640208,7.023379599463854,0.8924119761845035
superconduct,MLP,regression,6,104.68726879998576,17.034499993314967,2026-03-09T11:12:01.558790,,,,11.763657290827938,7.484934833072385,0.8836380602794489
superconduct,MLP,regression,7,146.30030319999787,17.993600020417944,2026-03-09T11:14:27.950217,,,,11.240874097157054,6.861415702293205,0.8918970899472999
superconduct,MLP,regression,8,125.8551381000143,11.092100001405925,2026-03-09T11:16:33.891735,,,,10.926375108390529,6.893858483212601,0.9006739405968797
superconduct,MLP,regression,9,150.1475397000031,11.401800002204254,2026-03-09T11:19:04.126971,,,,10.635556252946511,6.621319495216109,0.898902146633995
superconduct,XGBoost,regression,0,3.1627750999759883,13.622099999338388,2026-03-09T11:19:07.392382,,,,9.219550231066416,5.660875197779529,0.9261562420132855
superconduct,XGBoost,regression,1,3.163066000008257,11.467900010757148,2026-03-09T11:19:10.648052,,,,10.036214472544726,5.866757983645998,0.9161688878939237
superconduct,XGBoost,regression,2,3.093689400004223,11.380499985534698,2026-03-09T11:19:13.845132,,,,9.46838910276571,5.612492172666455,0.9198823362974768
superconduct,XGBoost,regression,3,3.1882541999802925,15.301300009014085,2026-03-09T11:19:17.136350,,,,9.75999665282713,5.905091144579108,0.9206858809106063
superconduct,XGBoost,regression,4,3.0992890000052284,11.01719998405315,2026-03-09T11:19:20.314917,,,,9.625389520166253,5.788451316262716,0.9222219041152433
superconduct,XGBoost,regression,5,3.151546300010523,12.505599996075034,2026-03-09T11:19:23.563104,,,,10.00639132097351,5.857882891881,0.9154272077198027
superconduct,XGBoost,regression,6,2.9988996000029147,19.735599984414876,2026-03-09T11:19:26.666760,,,,9.675788440395692,5.868738326123579,0.9212774863874063
superconduct,XGBoost,regression,7,3.0656950999982655,11.456300009740517,2026-03-09T11:19:29.811703,,,,9.676139232946909,5.758442253112857,0.9198983548614528
superconduct,XGBoost,regression,8,3.1053501999995206,11.179799999808893,2026-03-09T11:19:33.017544,,,,9.516771819921324,5.720935400458503,0.9246487767664772
superconduct,XGBoost,regression,9,3.0807861000066623,13.562100008130074,2026-03-09T11:19:36.201066,,,,9.394353301277674,5.6288919690168,0.9211221082395779
superconduct,LightGBM,regression,0,1.5342053000058513,25.659199978690594,2026-03-09T11:19:37.852573,,,,10.048369989069721,6.440906053731239,0.9122826392433196
superconduct,LightGBM,regression,1,1.5197495000029448,29.500900011043996,2026-03-09T11:19:39.489892,,,,10.68984408851639,6.583463409575876,0.9048939592188725
superconduct,LightGBM,regression,2,1.5133194999943953,27.24220001255162,2026-03-09T11:19:41.122208,,,,10.30154015492342,6.381363790588316,0.9051624334046314
superconduct,LightGBM,regression,3,1.4638765999989118,29.62180000031367,2026-03-09T11:19:42.699339,,,,10.554516921820113,6.702892494594551,0.907247016373608
superconduct,LightGBM,regression,4,1.518757599988021,25.175100017804652,2026-03-09T11:19:44.325528,,,,10.305376094534388,6.515517269579586,0.9108444524369345
superconduct,LightGBM,regression,5,1.6223160999943502,26.069799991091713,2026-03-09T11:19:46.059452,,,,10.814890913426114,6.600422806392734,0.9012084065815656
superconduct,LightGBM,regression,6,1.5083397999987938,14.539199997670949,2026-03-09T11:19:47.666793,,,,10.485331375482364,6.64605578587747,0.907553484715293
superconduct,LightGBM,regression,7,1.4113173999940045,28.403499978594482,2026-03-09T11:19:49.163598,,,,10.411741655431586,6.570877264695298,0.9072563924921851
superconduct,LightGBM,regression,8,1.4929984000045806,28.21570000378415,2026-03-09T11:19:50.756681,,,,10.35815909827429,6.591206248492768,0.910736040168225
superconduct,LightGBM,regression,9,1.5503892000124324,25.22460001637228,2026-03-09T11:19:52.424367,,,,10.102012247228865,6.3809330341598285,0.9087910832872304
superconduct,CatBoost,regression,0,6.106958200020017,314.76089998614043,2026-03-09T11:19:58.953719,,,,11.131828889907972,7.396665414775238,0.8923466956534272
superconduct,CatBoost,regression,1,5.830732900009025,322.73159999749623,2026-03-09T11:20:05.184345,,,,11.94102168126383,7.6988488224115095,0.8813279801726199
superconduct,CatBoost,regression,2,6.004053000011481,306.1085999943316,2026-03-09T11:20:11.569479,,,,11.506910449300719,7.454070485469455,0.8816703583960284
superconduct,CatBoost,regression,3,6.171747999993386,320.677900017472,2026-03-09T11:20:18.128202,,,,11.643580751623913,7.78226589879782,0.8871181062831048
superconduct,CatBoost,regression,4,6.45201549999183,362.51760000595823,2026-03-09T11:20:25.016589,,,,11.406710228356774,7.579848830370015,0.8907701096300105
superconduct,CatBoost,regression,5,6.250564800022403,363.1175000045914,2026-03-09T11:20:31.709722,,,,11.874035037631609,7.612619299926716,0.8809108059690185
superconduct,CatBoost,regression,6,6.408365700015565,351.6472000046633,2026-03-09T11:20:38.545581,,,,11.86623044876248,7.829281782012646,0.8815999784855583
superconduct,CatBoost,regression,7,6.305734900000971,342.28310000617057,2026-03-09T11:20:45.270161,,,,11.3627262772197,7.513219422322519,0.8895406946791313
superconduct,CatBoost,regression,8,6.2389879999973346,379.3049000087194,2026-03-09T11:20:51.962064,,,,11.324598496984663,7.512932036680333,0.8933019159922667
superconduct,CatBoost,regression,9,2.744718100002501,119.01609998312779,2026-03-09T11:20:54.917248,,,,11.273120959107306,7.461131340214763,0.8864179114719422
superconduct,TRA_Hard,regression,0,85.15285400001449,16678.264700021828,2026-03-09T11:22:36.786280,,,,14.049694224327515,8.62811065017442,0.8285142388411111
superconduct,TRA_Hard,regression,1,128.8962720000127,17989.7415000014,2026-03-09T11:25:03.748043,,,,13.9052577521602,8.712597655290198,0.8390750260747714
superconduct,TRA_Hard,regression,2,154.45797179997317,17284.68780001276,2026-03-09T11:27:55.563614,,,,13.952845232115742,8.853594109407249,0.8260190745995284
superconduct,TRA_Hard,regression,3,83.39571929999511,4206.884699990042,2026-03-09T11:29:23.240559,,,,12.954375573612582,8.087381903282589,0.8602717771184754
superconduct,TRA_Hard,regression,4,42.81270589999622,4613.86539999512,2026-03-09T11:30:10.689913,,,,14.364666854128654,9.083258079615293,0.8267745108993417
superconduct,TRA_Hard,regression,5,28.63178880000487,4481.4523000095505,2026-03-09T11:30:43.826692,,,,14.84933561823347,9.110902290991135,0.8137528009970093
superconduct,TRA_Hard,regression,6,38.636101500014775,4537.835499999346,2026-03-09T11:31:27.023023,,,,12.901414405208353,8.163085460992932,0.8600409856162845
superconduct,TRA_Hard,regression,7,41.8048756000062,5323.1808000127785,2026-03-09T11:32:14.174520,,,,13.965854266033142,8.775228491318181,0.833132319333107
superconduct,TRA_Hard,regression,8,59.0799335000047,9091.526899981545,2026-03-09T11:33:22.373615,,,,12.986160067288907,8.17592485960054,0.8596952102647211
superconduct,TRA_Hard,regression,9,56.61920449999161,8726.788400002988,2026-03-09T11:34:27.750257,,,,17.097764174705635,10.605473751904995,0.7387236131811228
superconduct,TRA_Soft,regression,0,63.74242680001771,7447.053600015352,2026-03-09T11:35:39.003944,,,,11.913795620886155,7.367661128131455,0.876691046562568
superconduct,TRA_Soft,regression,1,59.74210830000811,8087.6476999837905,2026-03-09T11:36:46.889832,,,,12.058416586707182,7.5032383141815036,0.8789831268176327
superconduct,TRA_Soft,regression,2,65.20706499999505,8436.233199987328,2026-03-09T11:38:00.576407,,,,11.937864010275977,7.620167484228903,0.8726410889043845
superconduct,TRA_Soft,regression,3,42.67781580000883,4507.490399992093,2026-03-09T11:38:47.803397,,,,11.6392378255863,7.368886682903145,0.8872022979590588
superconduct,TRA_Soft,regression,4,39.252215199987404,5813.615799997933,2026-03-09T11:39:32.891959,,,,12.93928278825288,8.153574563085726,0.8594466864232447
superconduct,TRA_Soft,regression,5,30.870310500002233,8609.163999994053,2026-03-09T11:40:12.396789,,,,12.916050171009683,7.891479299618943,0.8590921622964162
superconduct,TRA_Soft,regression,6,54.591837299987674,9380.882099998416,2026-03-09T11:41:16.417801,,,,11.52845016478083,7.256162330609205,0.888244713122041
superconduct,TRA_Soft,regression,7,34.25228029998834,5226.8004000070505,2026-03-09T11:41:55.945868,,,,11.773850745335029,7.263085864861395,0.8814028452596364
superconduct,TRA_Soft,regression,8,44.06636610001442,5216.552199999569,2026-03-09T11:42:45.252609,,,,11.078871397493275,6.848064478025748,0.8978820621410423
superconduct,TRA_Soft,regression,9,46.86514559999341,4869.597000011709,2026-03-09T11:43:37.011591,,,,15.204495536862057,9.386457311039848,0.7933832399196739
insurance,RandomForest,regression,0,0.763046400010353,24.785299989162013,2026-03-09T11:43:37.819379,,,,0.43181342888896657,0.36904295039141316,-0.015180233736106663
insurance,RandomForest,regression,1,0.7807694000075571,25.00520000467077,2026-03-09T11:43:38.630164,,,,0.4336564207767282,0.3705894754429894,-0.02083167231072025
insurance,RandomForest,regression,2,0.774411999998847,24.223500018706545,2026-03-09T11:43:39.433706,,,,0.43070431102985846,0.3680425531044596,-0.014211064340635682
insurance,RandomForest,regression,3,0.7952393000014126,24.382000003242865,2026-03-09T11:43:40.258304,,,,0.4346675226679657,0.37050780957946783,-0.011824847886388712
insurance,RandomForest,regression,4,0.8136369000130799,25.162900012219325,2026-03-09T11:43:41.102069,,,,0.42849696253014957,0.3666703614800293,-0.021723746505230457
insurance,RandomForest,regression,5,0.7918669999926351,24.11599998595193,2026-03-09T11:43:41.923710,,,,0.4357123955348607,0.3724419633784035,-0.015099404369431024
insurance,RandomForest,regression,6,0.8282619999954477,24.665500008268282,2026-03-09T11:43:42.781722,,,,0.4340290259565142,0.37048209370758395,-0.02319179683906536
insurance,RandomForest,regression,7,0.82584720000159,24.823699990520254,2026-03-09T11:43:43.637582,,,,0.432513245968013,0.36971818390259004,-0.01605759447849109
insurance,RandomForest,regression,8,0.8194722000043839,24.777599988738075,2026-03-09T11:43:44.487964,,,,0.43191854182607003,0.36902184604429483,-0.022252393936975867
insurance,RandomForest,regression,9,0.8039357000088785,24.786699999822304,2026-03-09T11:43:45.321391,,,,0.42747576682640354,0.3659038520915939,-0.018136573663236177
insurance,GradientBoosting,regression,0,2.544848899997305,8.15770000917837,2026-03-09T11:43:47.881062,,,,0.4333105081894589,0.36689104487203344,-0.02223161177777211
insurance,GradientBoosting,regression,1,2.5091342000232544,8.19480000063777,2026-03-09T11:43:50.402976,,,,0.43427158489709317,0.3680891953142489,-0.023729931845365426
insurance,GradientBoosting,regression,2,2.5107681000081357,8.639599982416257,2026-03-09T11:43:52.927118,,,,0.4351436429710564,0.3673743299142039,-0.035226053063313056
insurance,GradientBoosting,regression,3,2.4871662000077777,7.946800003992394,2026-03-09T11:43:55.427261,,,,0.4366556349035921,0.36830174760993256,-0.021101923818552137
insurance,GradientBoosting,regression,4,2.5237265000178013,8.130600006552413,2026-03-09T11:43:57.963875,,,,0.4295471932157313,0.3643212096060581,-0.026738300739639786
insurance,GradientBoosting,regression,5,2.5160399000160396,8.5384999983944,2026-03-09T11:44:00.494611,,,,0.43857598864720937,0.3699060297648771,-0.028486142253471236
insurance,GradientBoosting,regression,6,2.5224790000065695,8.071399992331862,2026-03-09T11:44:03.029610,,,,0.435824305824306,0.368182324113729,-0.03167378561220269
insurance,GradientBoosting,regression,7,2.5280065999832004,8.300899993628263,2026-03-09T11:44:05.571670,,,,0.4356873972805835,0.3682081843180389,-0.031025713586096293
insurance,GradientBoosting,regression,8,2.98853770000278,10.721300001023337,2026-03-09T11:44:08.576227,,,,0.4330011464364981,0.36659333294248037,-0.027383371258399958
insurance,GradientBoosting,regression,9,3.9656334999890532,10.644199996022508,2026-03-09T11:44:12.558944,,,,0.43011172932045816,0.3639361154751348,-0.03073164713619847
insurance,SVM,regression,0,28.929573700006586,3864.1611999773886,2026-03-09T11:44:45.363803,,,,0.4514702954864005,0.29427043434718064,-0.10970930326032224
insurance,SVM,regression,1,30.53277039999375,2754.2937000107486,2026-03-09T11:45:18.663436,,,,0.452654525522365,0.2952458456436761,-0.11223435969581086
insurance,SVM,regression,2,30.289857600000687,2901.3519000145607,2026-03-09T11:45:51.860642,,,,0.4503703268692842,0.29319686513232884,-0.10894356275960004
insurance,SVM,regression,3,31.040248000004794,4733.005600020988,2026-03-09T11:46:27.640270,,,,0.4567291771689688,0.29898460259690685,-0.11714223051459283
insurance,SVM,regression,4,31.18491779998294,2793.053300003521,2026-03-09T11:47:01.625300,,,,0.444621895789488,0.2882151311517096,-0.10006838593775491
insurance,SVM,regression,5,29.838431499985745,2906.276199995773,2026-03-09T11:47:34.376442,,,,0.45738371967672037,0.2997197643511999,-0.11858797548465039
insurance,SVM,regression,6,33.4020726000017,2897.766500012949,2026-03-09T11:48:10.682270,,,,0.45219933346886204,0.2947242136657332,-0.11065541155192804
insurance,SVM,regression,7,29.809948900016025,2794.098899990786,2026-03-09T11:48:43.292335,,,,0.4522075889864454,0.2948835271457479,-0.11069596499063161
insurance,SVM,regression,8,29.251965500006918,3003.384800016647,2026-03-09T11:49:15.552540,,,,0.44930870829175523,0.2925067396434187,-0.10622663690250178
insurance,SVM,regression,9,32.34089370002039,3503.959499998018,2026-03-09T11:49:51.405004,,,,0.44442268228490733,0.28779472235837916,-0.10046306497679303
insurance,KNN,regression,0,0.040296099992701784,102.5145000021439,2026-03-09T11:49:51.558102,,,,0.46612646926592627,0.36619957537154996,-0.1829282275608053
insurance,KNN,regression,1,0.0383391999930609,110.83859999780543,2026-03-09T11:49:51.717206,,,,0.47420958932440277,0.36895966029724,-0.22068395974220212
insurance,KNN,regression,2,0.036566800001310185,112.95809998409823,2026-03-09T11:49:51.874307,,,,0.47126337856290335,0.36539278131634817,-0.21421974677305133
insurance,KNN,regression,3,0.0391984999878332,159.95820000534877,2026-03-09T11:49:52.084345,,,,0.4744032027830207,0.36971756211509876,-0.20527509098856944
insurance,KNN,regression,4,0.052925099997082725,131.8332999944687,2026-03-09T11:49:52.283674,,,,0.46531876651405707,0.36406880441707373,-0.20486705121661242
insurance,KNN,regression,5,0.030182899994542822,124.07920000259764,2026-03-09T11:49:52.446079,,,,0.4749432863673228,0.37040339702760083,-0.20612480268871236
insurance,KNN,regression,6,0.041687000019010156,115.00159997376613,2026-03-09T11:49:52.616982,,,,0.46548835164821245,0.36365180467091296,-0.17689342523548435
insurance,KNN,regression,7,0.05173119998653419,117.25099998875521,2026-03-09T11:49:52.797497,,,,0.4706502706706732,0.3655626326963907,-0.20313989223238793
insurance,KNN,regression,8,0.046622599998954684,113.90599998412654,2026-03-09T11:49:52.966721,,,,0.4650448615948966,0.362624761095774,-0.18507037060650156
insurance,KNN,regression,9,0.040402800019364804,103.41350000817329,2026-03-09T11:49:53.120182,,,,0.46729523140937373,0.3632618390316415,-0.21665021407465512
insurance,MLP,regression,0,18.26942979998421,3.044600016437471,2026-03-09T11:50:11.406213,,,,0.45811610087388244,0.3853888023511385,-0.14262040647840002
insurance,MLP,regression,1,15.705899299995508,3.0879999976605177,2026-03-09T11:50:27.121314,,,,0.45722358677168495,0.3790286299720596,-0.134801304768279
insurance,MLP,regression,2,48.557805499993265,8.891899982700124,2026-03-09T11:51:15.700645,,,,0.4671040261735785,0.39934142197033745,-0.1928810183338372
insurance,MLP,regression,3,62.789770600007614,10.966599977109581,2026-03-09T11:52:18.532110,,,,0.45660979591009915,0.3664256041905119,-0.11655830278369073
insurance,MLP,regression,4,80.16018189999158,9.789299976546317,2026-03-09T11:53:38.722095,,,,0.4659851206910267,0.3967690229018155,-0.20832035299160312
insurance,MLP,regression,5,39.35503379997681,4.047199996421114,2026-03-09T11:54:18.101243,,,,0.4628639958618715,0.3820685048290257,-0.14555393860134913
insurance,MLP,regression,6,17.8568043000123,3.574100002879277,2026-03-09T11:54:35.969164,,,,0.4490530291642936,0.38544796812160503,-0.0952537831119058
insurance,MLP,regression,7,24.003840799996397,4.036099999211729,2026-03-09T11:54:59.984157,,,,0.4604340138488787,0.3758984829368473,-0.15147443233722035
insurance,MLP,regression,8,15.828638000006322,3.5272999957669526,2026-03-09T11:55:15.823839,,,,0.44947010934876813,0.362306459347211,-0.1070215389996394
insurance,MLP,regression,9,27.496416099980706,10.404000000562519,2026-03-09T11:55:43.339048,,,,0.45231353987066975,0.3658013679823026,-0.13988808807563125
insurance,XGBoost,regression,0,0.45627049999893643,8.572799997637048,2026-03-09T11:55:43.836250,,,,0.4350253862065669,0.36739519238471985,-0.03033888339996338
insurance,XGBoost,regression,1,0.44867660000454634,9.55039999098517,2026-03-09T11:55:44.320221,,,,0.4351570540306019,0.3675103783607483,-0.027908921241760254
insurance,XGBoost,regression,2,0.37151550000999123,9.989899990614504,2026-03-09T11:55:44.731333,,,,0.4344068241125196,0.3653700649738312,-0.0317230224609375
insurance,XGBoost,regression,3,0.3598673999949824,10.055299993837252,2026-03-09T11:55:45.126845,,,,0.43746714809235343,0.36733177304267883,-0.02490091323852539
insurance,XGBoost,regression,4,0.3556341999792494,8.82749998709187,2026-03-09T11:55:45.519400,,,,0.4326603439539634,0.36433473229408264,-0.04167497158050537
insurance,XGBoost,regression,5,0.3861719999986235,9.270200011087582,2026-03-09T11:55:45.941648,,,,0.4402309908394096,0.3701944351196289,-0.0362628698348999
insurance,XGBoost,regression,6,0.35348800002248026,10.00670000212267,2026-03-09T11:55:46.330505,,,,0.4360086362490875,0.3658057451248169,-0.0325467586517334
insurance,XGBoost,regression,7,0.3553468000027351,9.041800018167123,2026-03-09T11:55:46.719453,,,,0.436726925932044,0.36795321106910706,-0.03595161437988281
insurance,XGBoost,regression,8,0.36825989998760633,5.622299999231473,2026-03-09T11:55:47.113510,,,,0.43522406277399794,0.36675089597702026,-0.03795909881591797
insurance,XGBoost,regression,9,0.14782579999882728,2.794900006847456,2026-03-09T11:55:47.277010,,,,0.4311463991751149,0.36422187089920044,-0.03569662570953369
insurance,LightGBM,regression,0,0.08295159999397583,7.120700000086799,2026-03-09T11:55:47.378760,,,,0.4305314335484145,0.3657530556282966,-0.009161317606533492
insurance,LightGBM,regression,1,0.07908950001001358,7.638800016138703,2026-03-09T11:55:47.475544,,,,0.4327330001635686,0.3683356443571123,-0.016488817807685185
insurance,LightGBM,regression,2,0.08793360000709072,7.2515000065322965,2026-03-09T11:55:47.581176,,,,0.43267947260397066,0.3677433366073487,-0.02353450952753655
insurance,LightGBM,regression,3,0.07885710001573898,7.107200013706461,2026-03-09T11:55:47.676520,,,,0.43492951030550825,0.3686986631460497,-0.013044932090269912
insurance,LightGBM,regression,4,0.07862469999236055,7.225100009236485,2026-03-09T11:55:47.772279,,,,0.4282804181671001,0.36448719093407367,-0.02069133492527242
insurance,LightGBM,regression,5,0.07364890002645552,6.845900003099814,2026-03-09T11:55:47.862538,,,,0.43634916825555603,0.36979264816513957,-0.01806861042523633
insurance,LightGBM,regression,6,0.072822999994969,6.718299991916865,2026-03-09T11:55:47.950527,,,,0.43293779748561617,0.367178819465777,-0.018053281370384422
insurance,LightGBM,regression,7,0.07486210000934079,7.061599986627698,2026-03-09T11:55:48.041020,,,,0.4323211967157737,0.36761658973458766,-0.015155472841729134
insurance,LightGBM,regression,8,0.07825200000661425,6.080399994971231,2026-03-09T11:55:48.135022,,,,0.43062621834309744,0.3657708371037972,-0.016144277363394632
insurance,LightGBM,regression,9,0.07829570001922548,7.597399991936982,2026-03-09T11:55:48.230498,,,,0.42817342253711876,0.36387837179386484,-0.02146255597487068
insurance,CatBoost,regression,0,0.4726001999806613,14.984200010076165,2026-03-09T11:55:48.731175,,,,0.42961924061891005,0.366277350666181,-0.0048895059116502715
insurance,CatBoost,regression,1,0.41653930000029504,14.371800003573298,2026-03-09T11:55:49.169152,,,,0.4313976648923972,0.36756595688559546,-0.010225098156350088
insurance,CatBoost,regression,2,0.41812829999253154,14.62919998448342,2026-03-09T11:55:49.608926,,,,0.4290113835258258,0.3662531509624668,-0.006253812149940696
insurance,CatBoost,regression,3,0.41967010000371374,14.356100000441074,2026-03-09T11:55:50.049301,,,,0.43304821196279214,0.36845248272259357,-0.004299984560564685
insurance,CatBoost,regression,4,0.3997746999957599,15.241899993270636,2026-03-09T11:55:50.471721,,,,0.42516940239496603,0.3633132769588266,-0.00591665109150985
insurance,CatBoost,regression,5,0.3999647000164259,15.34790001460351,2026-03-09T11:55:50.894541,,,,0.4337522848640432,0.36979463711510663,-0.005986825923429029
insurance,CatBoost,regression,6,0.4050384000001941,14.523399993777275,2026-03-09T11:55:51.320556,,,,0.4305540615480941,0.366835174727234,-0.006873433532232909
insurance,CatBoost,regression,7,0.40285279997624457,14.537200011545792,2026-03-09T11:55:51.744612,,,,0.42978484098529335,0.36618670086116284,-0.003278921450553085
insurance,CatBoost,regression,8,0.409980500000529,14.397599996300414,2026-03-09T11:55:52.175465,,,,0.4291143312749521,0.3659545013147047,-0.009021633945011098
insurance,CatBoost,regression,9,0.4279388999857474,14.430000010179356,2026-03-09T11:55:52.624611,,,,0.42444911808955327,0.36266063720977454,-0.0037702262751608817
insurance,TRA_Hard,regression,0,11.641997800004901,1874.5314000116196,2026-03-09T11:56:06.152314,,,,0.4702503093590287,0.30386781000412316,-0.2039516451254606
insurance,TRA_Hard,regression,1,16.09808259998681,4263.2703999988735,2026-03-09T11:56:26.522655,,,,0.47491842494711195,0.3143231771515379,-0.22433597767268987
insurance,TRA_Hard,regression,2,23.378530899994075,1345.3283999988344,2026-03-09T11:56:51.265063,,,,0.4741088561834206,0.31016886583740855,-0.22892687652432353
insurance,TRA_Hard,regression,3,11.18203050000011,1792.2954999958165,2026-03-09T11:57:04.246009,,,,0.48009004634708563,0.31667591407337653,-0.2343444261527643
insurance,TRA_Hard,regression,4,11.057241900009103,1718.0235999985598,2026-03-09T11:57:17.029075,,,,0.46269788450247795,0.30166527348407185,-0.19133258194196978
insurance,TRA_Hard,regression,5,10.42245639997418,1786.9878000055905,2026-03-09T11:57:29.245215,,,,0.4845348203950183,0.3151382986262362,-0.2553323686958495
insurance,TRA_Hard,regression,6,10.036545699986164,1643.7716000073124,2026-03-09T11:57:40.932941,,,,0.47007494917340104,0.304675019426136,-0.20020026074607689
insurance,TRA_Hard,regression,7,8.388863600004697,1478.6706999875605,2026-03-09T11:57:50.807601,,,,0.4702061573463941,0.3111970685574799,-0.20087035840271805
insurance,TRA_Hard,regression,8,7.466080099984538,1460.5084000213537,2026-03-09T11:57:59.740079,,,,0.47252024810204496,0.3165850108529751,-0.22347552623262823
insurance,TRA_Hard,regression,9,11.029429100017296,1589.7216000012122,2026-03-09T11:58:12.366222,,,,0.4721487585735578,0.309936303716484,-0.24205475757941497
insurance,TRA_Soft,regression,0,11.44291839998914,2162.777899997309,2026-03-09T11:58:25.996713,,,,0.4430781102336418,0.32864154618526203,-0.06883693781444711
insurance,TRA_Soft,regression,1,6.873754900007043,1690.796600014437,2026-03-09T11:58:34.567286,,,,0.4518073911161645,0.3307683644699057,-0.10807520398303616
insurance,TRA_Soft,regression,2,9.033610800019233,1491.5291000215802,2026-03-09T11:58:45.099177,,,,0.4459495118670444,0.3255217330012267,-0.08727973186469118
insurance,TRA_Soft,regression,3,10.586057800013805,2259.799599996768,2026-03-09T11:58:57.952469,,,,0.453294362098839,0.3282453832761362,-0.10040255858021574
insurance,TRA_Soft,regression,4,10.525289499986684,1736.969699995825,2026-03-09T11:59:10.221086,,,,0.4405996645930051,0.32336257320159106,-0.08025507729209469
insurance,TRA_Soft,regression,5,19.07182380001177,3096.4869000017643,2026-03-09T11:59:32.396620,,,,0.4505587362204772,0.3337271600780047,-0.0854543720707972
insurance,TRA_Soft,regression,6,8.392215900006704,1803.395900002215,2026-03-09T11:59:42.598594,,,,0.4469516388146346,0.32321168253962107,-0.08502705977886849
insurance,TRA_Soft,regression,7,7.311673399992287,1723.3667999971658,2026-03-09T11:59:51.640465,,,,0.4458537199275826,0.3263629714134605,-0.07970295559023155
insurance,TRA_Soft,regression,8,6.757573900016723,1766.00399997551,2026-03-09T12:00:00.170498,,,,0.44798536483772555,0.3329129916868226,-0.09971992148808773
insurance,TRA_Soft,regression,9,10.421146799984854,1553.129000007175,2026-03-09T12:00:12.152066,,,,0.4413717784596221,0.3273394575480339,-0.085405854680769
